Company,Job Title,Job Link,Location,Posting Date,Days Since Posted,Function,Seniority,Skills_in_Title,Company_Group,Product_Focus,Product_Focus_Tokens,Primary_Skill,Extracted_Skills,Relevancy_to_Actian,Trend_Score
Airtable,Data Engineer,https://boards.greenhouse.io/airtable/jobs/8124953002,,,,Engineering,Unknown,,Other,Other,[],,[],0.3,0
Airtable,Data Scientist,https://boards.greenhouse.io/airtable/jobs/8169952002,San Francisco,,,Data/Analytics,Unknown,,Other,Other,[],,[],0.3,0
Airtable,Field Marketing Manager,https://boards.greenhouse.io/airtable/jobs/8170126002,New York,,,Marketing,Manager,,Other,Other,[],,[],1.8,0
Airtable,Internal Airtable Solution Architect,https://boards.greenhouse.io/airtable/jobs/8227686002,US,,,Other,Intern,,Other,ML/AI infra,"[""ML/AI infra""]",,[],0.1,2
Airtable,People Systems Engineer,https://boards.greenhouse.io/airtable/jobs/8222508002,San Francisco,,,Engineering,Unknown,,Other,Other,[],,[],0.3,0
Airtable,Program Manager EMEA,https://boards.greenhouse.io/airtable/jobs/8236018002,Services London,,,Other,Manager,,Other,Other,[],,[],1.8,0
Airtable,Senior Endpoint Engineer,https://boards.greenhouse.io/airtable/jobs/8237820002,San Francisco,,,Engineering,Senior,,Other,Other,[],,[],2.1,1.0
Airtable,Senior Growth Marketing Manager,https://boards.greenhouse.io/airtable/jobs/8077213002,San Francisco,,,Marketing,Senior,,Other,Other,[],,[],2.1,1.0
Airtable,"Senior Integrations Engineer, Enterprise Integrations & Agentic AI",https://boards.greenhouse.io/airtable/jobs/8117292002,San Francisco,,,Engineering,Senior,AI,Other,ETL/Integration,"[""ETL/Integration"", ""ML/AI infra""]",AI,"[""AI""]",40.1,3.0
Airtable,Senior Manager,https://boards.greenhouse.io/airtable/jobs/8229185002,Finance Systems San Francisco,,,Other,Senior,,Other,Other,[],,[],2.1,1.0
Airtable,Senior Manager,https://boards.greenhouse.io/airtable/jobs/8235618002,People Systems San Francisco,,,Other,Senior,,Other,Other,[],,[],2.1,1.0
Airtable,Senior Software Engineer,https://boards.greenhouse.io/airtable/jobs/7906014002,San Francisco,,,Engineering,Senior,,Other,Other,[],,[],2.1,1.0
Alteryx,Director of Customer Marketing,https://alteryx.wd108.myworkdayjobs.com/en-US/AlteryxCareers/job/New-York-USA---Remote/Director-of-Customer-Marketing_R11517,"New York, USA - Remote, United States of America",2025-11-26,3,Marketing,Director+,,Other,Other,[],,[],9.0,1.0
Alteryx,GRC Engineer,https://alteryx.wd108.myworkdayjobs.com/en-US/AlteryxCareers/job/Bangalore-India/GRC-Engineer---Compliance-Automation_R11451,"Bengaluru, India, India",2025-11-20,9,Engineering,Unknown,,Other,Other,[],,[],6.3,0
Alteryx,Integrated Campaign Manager,https://alteryx.wd108.myworkdayjobs.com/en-US/AlteryxCareers/job/Southern-California-USA---Remote/Integrated-Campaign-Manager--Partner-Campaigns_R11490,"Southern California, USA - Remote, United States of America",2025-11-19,10,Other,Manager,,Other,ETL/Integration,"[""ETL/Integration"", ""ML/AI infra""]",,[],37.8,2
Alteryx,Lead Software Engineer,https://alteryx.wd108.myworkdayjobs.com/en-US/AlteryxCareers/job/Bangalore-India/Lead-Software-Engineer_R11422,"Bengaluru, India, India",2025-11-24,5,Engineering,Senior,,Other,Other,[],,[],8.1,1.0
Alteryx,Manager,https://alteryx.wd108.myworkdayjobs.com/en-US/AlteryxCareers/job/US---Remote/Manager--Deal-Desk_R11461,"Irvine, California, United States of America",2025-11-24,5,Other,Manager,,Other,Other,[],,[],7.8,0
Alteryx,Sales Engineer,https://alteryx.wd108.myworkdayjobs.com/en-US/AlteryxCareers/job/Singapore-Singapore/Senior-Sales-Engineer_R11447,"Singapore, Singapore",2025-11-28,1,Engineering,Unknown,,Other,Other,[],,[],6.3,0
Alteryx,Sales Engineer,https://alteryx.wd108.myworkdayjobs.com/en-US/AlteryxCareers/job/North-Carolina-USA---Remote/Sales-Engineer_R11460,"North Carolina, USA - Remote, United States of America",2025-11-21,8,Engineering,Unknown,,Other,Other,[],,[],6.3,0
Alteryx,Senior Director IT,https://alteryx.wd108.myworkdayjobs.com/en-US/AlteryxCareers/job/Southern-California-USA---Remote/Senior-Director--IT---Go-to-Market--GTM--_R11542,"Southern California, USA - Remote, United States of America",2025-11-24,5,Other,Director+,,Other,Other,[],,[],9.0,1.0
Alteryx,Software Engineer,https://alteryx.wd108.myworkdayjobs.com/en-US/AlteryxCareers/job/Bangalore-India/Software-Engineer_R11417,"Bengaluru, India, India",2025-11-24,5,Engineering,Unknown,,Other,Other,[],,[],6.3,0
Alteryx,Software Engineer,https://alteryx.wd108.myworkdayjobs.com/en-US/AlteryxCareers/job/Bangalore-India/Software-Engineer_R11508,"Bengaluru, India, India",2025-11-20,9,Engineering,Unknown,,Other,Other,[],,[],6.3,0
Alteryx,Staff Application Security Engineer,https://alteryx.wd108.myworkdayjobs.com/en-US/AlteryxCareers/job/Bangalore-India/Staff-Application-Security-Engineer_R11446,"Bengaluru, India, India",2025-11-24,5,Engineering,Unknown,,Other,Other,[],,[],6.3,0
Anomalo,Senior Business Development Manager,https://job-boards.greenhouse.io/anomalojobs/jobs/4612604005,United States,,,Other,Senior,,Data Observability,Other,[],,[],8.1,1.0
Anomalo,Senior Full Stack Software Engineer,https://job-boards.greenhouse.io/anomalojobs/jobs/4604208005,United States,,,Engineering,Senior,,Data Observability,Other,[],,[],8.1,1.0
Ataccama,Senior Backend Engineer,https://jobs.ataccama.com/84d241b5-7553-4d87-b535-108029701beb/bratislava/data-catalog/,Data Lineage,,,Engineering,Senior,,Other,Data Governance,"[""Data Governance""]",,[],32.1,1.0
Ataccama,Senior Platform Engineer,https://jobs.ataccama.com/14e05d68-835a-4397-8667-69d4f954c014/prague/cloud/,,,,Engineering,Senior,,Other,Platform / Infra,"[""Platform / Infra""]",,[],2.1,1.0
Atlan,Creative Director,https://jobs.ashbyhq.com/atlan/c249f6b3-f052-43e1-8031-89d577351727?embed=js,India,2025-11-20,9,Other,Director+,,Data Intelligence,Other,[],,[],9.0,1.0
Atlan,Creative Director Marketing India Full time,https://jobs.ashbyhq.com/atlan/c249f6b3-f052-43e1-8031-89d577351727,Remote,2025-11-20,9,Marketing,Director+,,Data Intelligence,Other,[],,[],3.0,1.0
Atlan,Customer Solutions Architect,https://jobs.ashbyhq.com/atlan/789adcad-2de1-4b68-9b53-75daf7aaa0b5?embed=js,United States,2025-11-28,1,Other,Unknown,,Data Intelligence,Other,[],,[],6.3,0
Atlan,Customer Solutions Architect,https://jobs.ashbyhq.com/atlan/6d1158fe-7901-461b-9a98-4174216ccb2f?embed=js,India,2025-10-07,53,Other,Unknown,,Data Intelligence,Other,[],,[],6.3,0
Atlan,Customer Solutions Architect Customer Experience India Full time,https://jobs.ashbyhq.com/atlan/6d1158fe-7901-461b-9a98-4174216ccb2f,Remote,2025-10-07,53,Other,Unknown,,Data Intelligence,Other,[],,[],0.3,0
Atlan,Customer Solutions Architect Customer Experience United States Full time,https://jobs.ashbyhq.com/atlan/789adcad-2de1-4b68-9b53-75daf7aaa0b5,Remote,2025-11-28,1,Other,Unknown,,Data Intelligence,Other,[],,[],0.3,0
Atlan,Customer Success Manager,https://jobs.ashbyhq.com/atlan/667bd3d1-554a-4188-8ac6-00b2d4788999?embed=js,India,2025-09-19,71,Other,Manager,,Data Intelligence,Other,[],,[],7.8,0
Atlan,Customer Success Manager,https://jobs.ashbyhq.com/atlan/be21d016-27b1-484c-8ca9-7b107ed222be?embed=js,United States,2025-10-21,39,Other,Manager,,Data Intelligence,Other,[],,[],7.8,0
Atlan,Customer Success Manager DACH,https://jobs.ashbyhq.com/atlan/293b8bf1-7bf4-413c-9a16-6f9fb3ed7594?embed=js,United Kingdom,2025-10-31,29,Other,Manager,,Data Intelligence,Other,[],,[],1.8,0
Atlan,Customer Success Manager DACH Enterprise Customer Experience United Kingdom; Ireland; Germany Full time,https://jobs.ashbyhq.com/atlan/293b8bf1-7bf4-413c-9a16-6f9fb3ed7594,Remote,2025-10-31,29,Other,Manager,,Data Intelligence,Other,[],,[],1.8,0
Atlan,Customer Success Manager Enterprise Customer Experience India Full time,https://jobs.ashbyhq.com/atlan/667bd3d1-554a-4188-8ac6-00b2d4788999,Remote,2025-09-19,71,Other,Manager,,Data Intelligence,Other,[],,[],1.8,0
Atlan,Customer Success Manager Enterprise Customer Experience United States,https://jobs.ashbyhq.com/atlan/be21d016-27b1-484c-8ca9-7b107ed222be,Full time,2025-10-21,39,Other,Manager,,Data Intelligence,Other,[],,[],1.8,0
Atlan,Director Product Management Product Management United States; Canada Full time,https://jobs.ashbyhq.com/atlan/f1bf5b3d-9ee4-47e3-8b87-01caf02679b8,Remote,2025-11-10,19,Product,Director+,,Data Intelligence,Other,[],,[],3.0,1.0
Atlan,Implementation Engineer,https://jobs.ashbyhq.com/atlan/0fef5fbf-b4d6-47ff-942d-71082152cd95?embed=js,India,2025-09-03,87,Engineering,Unknown,,Data Intelligence,Other,[],,[],6.3,0
Atlan,Implementation Engineer,https://jobs.ashbyhq.com/atlan/8c585cce-14ca-46c6-ab9e-0559e0177dbb?embed=js,United States,2025-11-26,3,Engineering,Unknown,,Data Intelligence,Other,[],,[],6.3,0
Atlan,Implementation Engineer Customer Experience India Full time,https://jobs.ashbyhq.com/atlan/0fef5fbf-b4d6-47ff-942d-71082152cd95,Remote,2025-09-03,87,Engineering,Unknown,,Data Intelligence,Other,[],,[],0.3,0
Atlan,Implementation Engineer Customer Experience United States Full time,https://jobs.ashbyhq.com/atlan/8c585cce-14ca-46c6-ab9e-0559e0177dbb,Remote,2025-11-26,3,Engineering,Unknown,,Data Intelligence,Other,[],,[],0.3,0
Atlan,Manager,https://jobs.ashbyhq.com/atlan/da21a275-84e4-4c89-aa29-b604f3b19965?embed=js,India,2025-11-20,9,Other,Manager,,Data Intelligence,Other,[],,[],7.8,0
Atlan,Manager,https://jobs.ashbyhq.com/atlan/f1150baa-60e8-4cfb-9d56-5dd7c0cdc48c?embed=js,United Kingdom,2025-11-26,3,Other,Manager,,Data Intelligence,Other,[],,[],1.8,0
Atlan,Manager Customer Success Customer Experience India Full time,https://jobs.ashbyhq.com/atlan/da21a275-84e4-4c89-aa29-b604f3b19965,Remote,2025-11-20,9,Other,Manager,,Data Intelligence,Other,[],,[],1.8,0
Atlan,Manager Global Compensation & Benefits People United Kingdom; Ireland Full time,https://jobs.ashbyhq.com/atlan/f1150baa-60e8-4cfb-9d56-5dd7c0cdc48c,Remote,2025-11-26,3,Other,Manager,,Data Intelligence,Other,[],,[],1.8,0
Atlan,Marketing Operations Manager,https://jobs.ashbyhq.com/atlan/2d5faea1-c0ed-46de-a2fa-831d8e4cb520?embed=js,United States,2025-11-11,18,Marketing,Manager,,Data Intelligence,Other,[],,[],7.8,0
Atlan,Marketing Operations Manager Sales United States; United Kingdom Full time,https://jobs.ashbyhq.com/atlan/2d5faea1-c0ed-46de-a2fa-831d8e4cb520,Remote,2025-11-11,18,Sales,Manager,,Data Intelligence,Other,[],,[],1.8,0
Atlan,Partner Manager,https://jobs.ashbyhq.com/atlan/f3a032d1-7abf-458a-a4d3-e41fe49fa6d5?embed=js,United States,2025-10-10,50,Other,Manager,,Data Intelligence,Other,[],,[],7.8,0
Atlan,Partner Manager Cloud Alliances Sales United States,https://jobs.ashbyhq.com/atlan/f3a032d1-7abf-458a-a4d3-e41fe49fa6d5,Full time,2025-10-10,50,Sales,Manager,,Data Intelligence,Other,[],,[],1.8,0
Atlan,Principal Customer Success Manager,https://jobs.ashbyhq.com/atlan/cc0e1742-3cb4-42d8-ab5e-1f7b911e167e?embed=js,"New York, New York State, United States",2025-11-14,15,Other,Principal/Staff,,Data Intelligence,Other,[],,[],8.7,1.0
Atlan,Principal Customer Success Manager Customer Experience New York Full time,https://jobs.ashbyhq.com/atlan/cc0e1742-3cb4-42d8-ab5e-1f7b911e167e,Remote,2025-11-14,15,Other,Principal/Staff,,Data Intelligence,Other,[],,[],2.7,1.0
Atlan,Senior Application Security Engineer,https://jobs.ashbyhq.com/atlan/d628d8f5-65bb-46c0-bfcb-6df3875ccfcd?embed=js,India,2025-11-05,24,Engineering,Senior,,Data Intelligence,Other,[],,[],8.1,1.0
Atlan,Senior Application Security Engineer IT & Security India Full time,https://jobs.ashbyhq.com/atlan/d628d8f5-65bb-46c0-bfcb-6df3875ccfcd,Remote,2025-11-05,24,Engineering,Senior,,Data Intelligence,Other,[],,[],2.1,1.0
Atlan,Senior Cybersecurity Engineer,https://jobs.ashbyhq.com/atlan/254c1250-953b-4323-8d18-9fe5e41d8d7d?embed=js,India,2025-11-04,25,Engineering,Senior,,Data Intelligence,Other,[],,[],8.1,1.0
Atlan,Senior Cybersecurity Engineer IT & Security India Full time,https://jobs.ashbyhq.com/atlan/254c1250-953b-4323-8d18-9fe5e41d8d7d,Remote,2025-11-04,25,Engineering,Senior,,Data Intelligence,Other,[],,[],2.1,1.0
Atlan,Senior Engineering Manager,https://jobs.ashbyhq.com/atlan/aea0a9e5-6555-4e35-9753-3a443bcf2624?embed=js,India,2025-08-06,115,Engineering,Senior,,Data Intelligence,Other,[],,[],8.1,1.0
Atlan,Senior Engineering Manager Engineering India Full time,https://jobs.ashbyhq.com/atlan/aea0a9e5-6555-4e35-9753-3a443bcf2624,Remote,2025-08-06,115,Engineering,Senior,,Data Intelligence,Other,[],,[],2.1,1.0
Atlan,Senior Sales Engineer,https://jobs.ashbyhq.com/atlan/52e43e9c-a539-40b2-ba50-6435c3393b66?embed=js,United States,2025-09-09,81,Engineering,Senior,,Data Intelligence,Other,[],,[],8.1,1.0
Atlan,Senior Sales Engineer West Sales United States; San Francisco; Texas Full time,https://jobs.ashbyhq.com/atlan/52e43e9c-a539-40b2-ba50-6435c3393b66,Remote,2025-09-09,81,Engineering,Senior,,Data Intelligence,Other,[],,[],2.1,1.0
Atlan,Senior Software Engineer,https://jobs.ashbyhq.com/atlan/5ebb678a-1e68-4255-b589-f77954a199f2?embed=js,India,2025-11-12,17,Engineering,Senior,,Data Intelligence,Other,[],,[],8.1,1.0
Atlan,Senior Software Engineer,https://jobs.ashbyhq.com/atlan/77d15ca0-b464-423d-a5f5-5fc241f59586?embed=js,United States,2025-09-16,74,Engineering,Senior,,Data Intelligence,Other,[],,[],8.1,1.0
Atlan,Senior Software Engineer,https://jobs.ashbyhq.com/atlan/6078c9aa-39c9-48dd-87ae-d9efb9656e42?embed=js,India,2025-11-05,24,Engineering,Senior,,Data Intelligence,Other,[],,[],8.1,1.0
Atlan,Senior Software Engineer Apps Engineering United States; Canada,https://jobs.ashbyhq.com/atlan/77d15ca0-b464-423d-a5f5-5fc241f59586,Full time,2025-09-16,74,Engineering,Senior,,Data Intelligence,Other,[],,[],2.1,1.0
Atlan,Senior Software Engineer Engineering India Full time,https://jobs.ashbyhq.com/atlan/5ebb678a-1e68-4255-b589-f77954a199f2,Remote,2025-11-12,17,Engineering,Senior,,Data Intelligence,Other,[],,[],2.1,1.0
Atlan,Senior Software Engineer Frontend Engineering India Full time,https://jobs.ashbyhq.com/atlan/6078c9aa-39c9-48dd-87ae-d9efb9656e42,Remote,2025-11-05,24,Engineering,Senior,,Data Intelligence,Other,[],,[],2.1,1.0
Atlan,Site Reliability Engineer II,https://jobs.ashbyhq.com/atlan/4a625b89-5b88-4bf2-9e4c-edba06f15151?embed=js,India,2025-10-09,51,Engineering,Mid,,Data Intelligence,Other,[],,[],7.2,0
Atlan,Site Reliability Engineer II Customer Experience India Full time,https://jobs.ashbyhq.com/atlan/4a625b89-5b88-4bf2-9e4c-edba06f15151,Remote,2025-10-09,51,Engineering,Mid,,Data Intelligence,Other,[],,[],1.2,0
Atlan,Sr. Product Analyst Forward Deployed Engineer Engineering Canada; United States Full time,https://jobs.ashbyhq.com/atlan/46004f18-4fcd-4e0f-93a9-a55e52a1e214,Remote,2025-11-11,18,Engineering,Senior,,Data Intelligence,Other,[],,[],2.1,1.0
Atlan,Staff Product Manager Product Management India Full time,https://jobs.ashbyhq.com/atlan/7443fd12-cd74-445b-8a06-c8ac2024c58e,Remote,2025-03-14,260,Product,Manager,,Data Intelligence,Other,[],,[],1.8,0
Atlan,Staff Product Manager Product Management United States; Canada Full time,https://jobs.ashbyhq.com/atlan/fe768bf1-8b75-4e3b-90bf-fbe758db1f23,Remote,2025-04-16,227,Product,Manager,,Data Intelligence,Other,[],,[],1.8,0
Atlan,Staff Software Engineer,https://jobs.ashbyhq.com/atlan/4d8d2681-88b7-4b0a-8104-e5970e1506c2?embed=js,United States,2025-08-25,96,Engineering,Unknown,,Data Intelligence,Other,[],,[],6.3,0
Atlan,Staff Software Engineer Platform Engineering United States; Canada,https://jobs.ashbyhq.com/atlan/4d8d2681-88b7-4b0a-8104-e5970e1506c2,Full time,2025-08-25,96,Engineering,Unknown,,Data Intelligence,Platform / Infra,"[""Platform / Infra""]",,[],0.3,0
Atlan,Technical  Engineer Customer Experience India Full time,https://jobs.ashbyhq.com/atlan/3a118ddc-cb3c-462a-a2d2-d9df83cb3434,Remote,2025-10-15,45,Engineering,Unknown,,Data Intelligence,Other,[],,[],0.3,0
Atlan,Technical  Engineer Customer Experience United States; Canada,https://jobs.ashbyhq.com/atlan/13394a9a-35f6-40b0-b770-e29b1f84c143,Full time,2025-11-06,23,Engineering,Unknown,,Data Intelligence,Other,[],,[],0.3,0
Boomi,Boomi Developer,https://boomi.com/boomi-jobs/?gh_jid=5693232004,ServiceNow integration,,,Engineering,Unknown,,Etl/Connectors,ETL/Integration,"[""ETL/Integration""]",,[],30.3,0
Boomi,Customer Success Analyst,https://boomi.com/boomi-jobs/?gh_jid=5702377004,,2024-12-06,358,Other,Unknown,,Etl/Connectors,Other,[],,[],0.3,0
Boomi,Customer Success Manager,https://boomi.com/boomi-jobs/?gh_jid=5687253004,,2024-12-06,358,Other,Manager,,Etl/Connectors,Other,[],,[],1.8,0
Boomi,Developer,https://developer.boomi.com/,and technical integration guides,,,Engineering,Unknown,,Etl/Connectors,ETL/Integration,"[""ETL/Integration""]",,[],30.3,0
Boomi,DevOps Engineer,https://boomi.com/boomi-jobs/?gh_jid=5636662004,,2024-12-06,358,Engineering,Unknown,,Etl/Connectors,Other,[],,[],0.3,0
Boomi,Enterprise Account Manager,https://boomi.com/boomi-jobs/?gh_jid=5710593004,,2024-12-06,358,Other,Manager,,Etl/Connectors,Other,[],,[],1.8,0
Boomi,Field Marketing Manager META Region- Dubai,https://boomi.com/boomi-jobs/?gh_jid=5687697004,Hybrid,2024-12-06,358,Marketing,Manager,,Etl/Connectors,ML/AI infra,"[""ML/AI infra""]",,[],1.8,2
Boomi,Lead AI/ML Engineer,https://boomi.com/boomi-jobs/?gh_jid=5712522004,,2024-12-06,358,Engineering,Senior,,Etl/Connectors,ML/AI infra,"[""ML/AI infra""]",,[],2.1,3.0
Boomi,Manager Channel Sales,https://boomi.com/boomi-jobs/?gh_jid=5580031004,,2024-12-06,358,Sales,Manager,,Etl/Connectors,Other,[],,[],1.8,0
Boomi,Office Manager,https://boomi.com/boomi-jobs/?gh_jid=5696908004,,2024-12-06,358,Other,Manager,,Etl/Connectors,Other,[],,[],1.8,0
Boomi,Principal DevOps Engineer,https://boomi.com/boomi-jobs/?gh_jid=5687678004,,2024-12-06,358,Engineering,Principal/Staff,,Etl/Connectors,Other,[],,[],2.7,1.0
Boomi,Scaled Customer Success Manager,https://boomi.com/boomi-jobs/?gh_jid=5675923004,"Hybrid, Vancouver",2024-12-06,358,Other,Manager,,Etl/Connectors,Other,[],,[],1.8,0
Boomi,Scaled Customer Success Manager German Speaking- Barcelona,https://boomi.com/boomi-jobs/?gh_jid=5703746004,Hybrid,2024-12-06,358,Other,Manager,,Etl/Connectors,Other,[],,[],1.8,0
Boomi,Senior Manager Revenue Operations,https://boomi.com/boomi-jobs/?gh_jid=5632357004,Hybrid Vancouver,2024-12-06,358,Other,Senior,,Etl/Connectors,Other,[],,[],2.1,1.0
Boomi,Senior Performance Engineer,https://boomi.com/boomi-jobs/?gh_jid=5634062004,,2024-12-06,358,Engineering,Senior,,Etl/Connectors,Other,[],,[],2.1,1.0
Boomi,Site Reliability Engineer,https://boomi.com/boomi-jobs/?gh_jid=5670129004,,2024-12-06,358,Engineering,Unknown,,Etl/Connectors,Other,[],,[],0.3,0
Boomi,Software Engineer 2,https://boomi.com/boomi-jobs/?gh_jid=5701160004,,2024-12-06,358,Engineering,Unknown,,Etl/Connectors,Other,[],,[],0.3,0
Boomi,Software Engineer 2 -Fullstack,https://boomi.com/boomi-jobs/?gh_jid=5505535004,,2024-12-06,358,Engineering,Unknown,,Etl/Connectors,Other,[],,[],0.3,0
Boomi,Software Performance Engineer,https://boomi.com/boomi-jobs/?gh_jid=5634066004,,2024-12-06,358,Engineering,Unknown,,Etl/Connectors,Other,[],,[],0.3,0
Boomi,Software Principal Engineer,https://boomi.com/boomi-jobs/?gh_jid=5617156004,Integration,,,Engineering,Principal/Staff,,Etl/Connectors,ETL/Integration,"[""ETL/Integration""]",,[],32.7,1.0
Boomi,Software Quality Engineer 2,https://boomi.com/boomi-jobs/?gh_jid=5445768004,,2024-12-06,358,Engineering,Unknown,,Etl/Connectors,Other,[],,[],0.3,0
Boomi,Sr. Manager,https://boomi.com/boomi-jobs/?gh_jid=5646990004,Hybrid Vancouver,2024-12-06,358,Other,Senior,,Etl/Connectors,Other,[],,[],2.1,1.0
Collibra,Compensation Manager,https://www.collibra.com/us/en/company/careers/job-listing/?gh_jid=7036225,,2025-11-20,9,Other,Manager,,Data Intelligence,Other,[],,[],1.8,0
Collibra,Compensation Manager,https://www.collibra.com/us/en/company/careers/job-listing/?gh_jid=7026651,"Raleigh, North Carolina",2025-11-20,9,Other,Manager,,Data Intelligence,Other,[],,[],1.8,0
Collibra,Customer Engineer,https://www.collibra.com/us/en/company/careers/job-listing/?gh_jid=7357971,,2025-11-18,11,Engineering,Unknown,,Data Intelligence,Other,[],,[],0.3,0
Collibra,Customer Engineer,https://www.collibra.com/us/en/company/careers/job-listing/?gh_jid=7259541,"Raleigh, North Carolina",2025-11-12,17,Engineering,Unknown,,Data Intelligence,Other,[],,[],0.3,0
Collibra,Customer Engineer,https://www.collibra.com/us/en/company/careers/job-listing/?gh_jid=7389106,,2025-11-20,9,Engineering,Unknown,,Data Intelligence,Other,[],,[],0.3,0
Collibra,Customer Engineer,https://www.collibra.com/us/en/company/careers/job-listing/?gh_jid=7357959,,2025-11-12,17,Engineering,Unknown,,Data Intelligence,Other,[],,[],0.3,0
Collibra,Customer Engineer,https://www.collibra.com/us/en/company/careers/job-listing/?gh_jid=7357975,Product,2025-11-04,25,Engineering,Unknown,,Data Intelligence,Other,[],,[],0.3,0
Collibra,Director,https://www.collibra.com/us/en/company/careers/job-listing/?gh_jid=7376116,Associate General Counsel,2025-11-12,17,Other,Director+,,Data Intelligence,Other,[],,[],3.0,1.0
Collibra,Director,https://www.collibra.com/us/en/company/careers/job-listing/?gh_jid=7231315,Associate General Counsel,2025-11-12,17,Other,Director+,,Data Intelligence,Other,[],,[],3.0,1.0
Collibra,Engineer,https://www.collibra.com/us/en/company/careers/job-listing/?gh_jid=7248390,Security Operations & Engineering,2025-11-17,12,Engineering,Unknown,,Data Intelligence,Other,[],,[],0.3,0
Collibra,Enterprise Solution Architect,https://www.collibra.com/us/en/company/careers/job-listing/?gh_jid=7388718,"Sydney, Australia",2025-11-20,9,Other,Unknown,,Data Intelligence,Other,[],,[],6.3,0
Collibra,Field Security Engineer,https://www.collibra.com/us/en/company/careers/job-listing/?gh_jid=7195285,"Raleigh, North Carolina",2025-10-21,39,Engineering,Unknown,,Data Intelligence,Other,[],,[],0.3,0
Collibra,Forward Deployed Engineer,https://www.collibra.com/us/en/company/careers/job-listing/?gh_jid=7372579,Unstructured AI,2025-11-19,10,Engineering,Unknown,,Data Intelligence,ML/AI infra,"[""ML/AI infra""]",,[],0.3,0
Collibra,Full-Stack Software Engineer,https://www.collibra.com/us/en/company/careers/job-listing/?gh_jid=6403161,Data Lineage,2025-10-22,38,Engineering,Unknown,,Data Intelligence,Data Governance,"[""Data Governance""]",,[],30.3,0
Collibra,Infrastructure Engineer,https://www.collibra.com/us/en/company/careers/job-listing/?gh_jid=7372577,Unstructured AI,2025-11-07,22,Engineering,Unknown,,Data Intelligence,ML/AI infra,"[""ML/AI infra"", ""Platform / Infra""]",,[],0.3,0
Collibra,Java Software Engineer,https://www.collibra.com/us/en/company/careers/job-listing/?gh_jid=7311370,Data Observability,2025-10-09,51,Engineering,Unknown,JAVA,Data Intelligence,Data Observability,"[""Data Observability""]",JAVA,"[""JAVA""]",30.3,0
Collibra,Manager,https://www.collibra.com/us/en/company/careers/job-listing/?gh_jid=7118232,Customer Support,2025-10-23,37,Other,Manager,,Data Intelligence,Other,[],,[],1.8,0
Collibra,Manager Software Engineering,https://www.collibra.com/us/en/company/careers/job-listing/?gh_jid=6786789,Edgeless,2025-11-21,8,Engineering,Manager,,Data Intelligence,Other,[],,[],1.8,0
Collibra,Performance Engineer,https://www.collibra.com/us/en/company/careers/job-listing/?gh_jid=7354137,"Prague, Czech Republic",2025-10-29,31,Engineering,Unknown,,Data Intelligence,Other,[],,[],0.3,0
Collibra,Production Engineer,https://www.collibra.com/us/en/company/careers/job-listing/?gh_jid=7248310,"Prague, Czech Republic",2025-10-21,39,Engineering,Unknown,,Data Intelligence,Other,[],,[],0.3,0
Collibra,Senior Customer Engineer,https://www.collibra.com/us/en/company/careers/job-listing/?gh_jid=7389116,,2025-11-13,16,Engineering,Senior,,Data Intelligence,Other,[],,[],2.1,1.0
Collibra,Senior Customer Engineer,https://www.collibra.com/us/en/company/careers/job-listing/?gh_jid=7389165,"London, United Kingdom",2025-11-19,10,Engineering,Senior,,Data Intelligence,Other,[],,[],2.1,1.0
Collibra,Senior Customer Engineer,https://www.collibra.com/us/en/company/careers/job-listing/?gh_jid=7357979,,2025-11-06,23,Engineering,Senior,,Data Intelligence,Other,[],,[],2.1,1.0
Collibra,Senior Customer Engineer,https://www.collibra.com/us/en/company/careers/job-listing/?gh_jid=7357967,"Brussels, Belgium",2025-11-03,26,Engineering,Senior,,Data Intelligence,Other,[],,[],2.1,1.0
Collibra,Senior Customer Engineer,https://www.collibra.com/us/en/company/careers/job-listing/?gh_jid=7357969,,2025-11-05,24,Engineering,Senior,,Data Intelligence,Other,[],,[],2.1,1.0
Collibra,Senior Customer Engineer,https://www.collibra.com/us/en/company/careers/job-listing/?gh_jid=7389110,,2025-11-18,11,Engineering,Senior,,Data Intelligence,Other,[],,[],2.1,1.0
Collibra,Senior Customer Engineer,https://www.collibra.com/us/en/company/careers/job-listing/?gh_jid=7259539,,2025-11-06,23,Engineering,Senior,,Data Intelligence,Other,[],,[],2.1,1.0
Collibra,Senior Customer Engineer,https://www.collibra.com/us/en/company/careers/job-listing/?gh_jid=7389163,"London, United Kingdom",2025-11-19,10,Engineering,Senior,,Data Intelligence,Other,[],,[],2.1,1.0
Collibra,Senior Customer Engineer,https://www.collibra.com/us/en/company/careers/job-listing/?gh_jid=7274022,SAP,2025-11-20,9,Engineering,Senior,,Data Intelligence,Other,[],,[],2.1,1.0
Collibra,Senior Data Intelligence Manager,https://www.collibra.com/us/en/company/careers/job-listing/?gh_jid=6947095,"Brussels, Belgium",2025-08-15,106,Data/Analytics,Senior,,Data Intelligence,Other,[],,[],2.1,1.0
Collibra,Senior Data Intelligence Manager,https://www.collibra.com/us/en/company/careers/job-listing/?gh_jid=7005299,"Prague, Czech Republic",2025-08-15,106,Data/Analytics,Senior,,Data Intelligence,Other,[],,[],2.1,1.0
Collibra,Senior Manager,https://www.collibra.com/us/en/company/careers/job-listing/?gh_jid=6411070,Platform Infrastructure,2025-11-12,17,Other,Senior,,Data Intelligence,Platform / Infra,"[""Platform / Infra""]",,[],2.1,1.0
Collibra,Senior Manager,https://www.collibra.com/us/en/company/careers/job-listing/?gh_jid=6403276,Platform Infrastructure,2025-11-12,17,Other,Senior,,Data Intelligence,Platform / Infra,"[""Platform / Infra""]",,[],2.1,1.0
Collibra,Senior Manager,https://www.collibra.com/us/en/company/careers/job-listing/?gh_jid=6411033,Platform Infrastructure,2025-11-12,17,Other,Senior,,Data Intelligence,Platform / Infra,"[""Platform / Infra""]",,[],2.1,1.0
Collibra,Senior Manager Software Engineering,https://www.collibra.com/us/en/company/careers/job-listing/?gh_jid=7357009,AI Governance,2025-11-21,8,Engineering,Senior,,Data Intelligence,Data Governance,"[""Data Governance"", ""ML/AI infra""]",,[],32.1,1.0
Collibra,Senior Product Manager I,https://www.collibra.com/us/en/company/careers/job-listing/?gh_jid=7168533,"Prague, Czech Republic",2025-09-10,80,Product,Senior,,Data Intelligence,Other,[],,[],2.1,1.0
Collibra,Senior Product Manager I,https://www.collibra.com/us/en/company/careers/job-listing/?gh_jid=7350634,"Brussels, Belgium",2025-11-05,24,Product,Senior,,Data Intelligence,Other,[],,[],2.1,1.0
Collibra,Senior Software Development Engineer in Test I,https://www.collibra.com/us/en/company/careers/job-listing/?gh_jid=7392459,Protect,2025-11-12,17,Engineering,Senior,,Data Intelligence,Other,[],,[],2.1,1.0
Collibra,Senior Technical Product Marketing Manager,https://www.collibra.com/us/en/company/careers/job-listing/?gh_jid=7308984,"New York, New York",2025-10-14,46,Product,Senior,,Data Intelligence,Other,[],,[],2.1,1.0
Collibra,Senior Technical Product Marketing Manager,https://www.collibra.com/us/en/company/careers/job-listing/?gh_jid=7308933,"Raleigh, North Carolina",2025-11-25,4,Product,Senior,,Data Intelligence,Other,[],,[],2.1,1.0
Collibra,Software Engineer,https://www.collibra.com/us/en/company/careers/job-listing/?gh_jid=7335680,"Prague, Czech Republic",2025-10-22,38,Engineering,Unknown,,Data Intelligence,Other,[],,[],0.3,0
Collibra,Solution Architect,https://www.collibra.com/us/en/company/careers/job-listing/?gh_jid=7188930,"Raleigh, North Carolina",2025-11-15,14,Other,Unknown,,Data Intelligence,Other,[],,[],0.3,0
Collibra,Staff Customer Engineer,https://www.collibra.com/us/en/company/careers/job-listing/?gh_jid=7357961,,2025-11-05,24,Engineering,Unknown,,Data Intelligence,Other,[],,[],0.3,0
Collibra,Strategic Account Manager,https://www.collibra.com/us/en/company/careers/job-listing/?gh_jid=7287464,FinServ,2025-10-22,38,Other,Manager,,Data Intelligence,Other,[],,[],1.8,0
Couchbase,Cloud Security Engineer Bangalore,https://boards.greenhouse.io/couchbaseinc/jobs/4590600006?gh_jid=4590600006,India,,,Engineering,Unknown,,Other,Other,[],,[],6.3,0
Couchbase,Principal Product Manager Bangalore,https://boards.greenhouse.io/couchbaseinc/jobs/4593133006?gh_jid=4593133006,India,,,Product,Principal/Staff,,Other,Other,[],,[],8.7,1.0
Couchbase,Principal Software Engineer Bangalore,https://boards.greenhouse.io/couchbaseinc/jobs/4610669006?gh_jid=4610669006,India,,,Engineering,Principal/Staff,,Other,Other,[],,[],8.7,1.0
Couchbase,Regional Director,https://boards.greenhouse.io/couchbaseinc/jobs/4571759006?gh_jid=4571759006,Strategic East United States,,,Other,Director+,,Other,Other,[],,[],9.0,1.0
Couchbase,Senior Mobile Developer Bangalore,https://boards.greenhouse.io/couchbaseinc/jobs/4438311006?gh_jid=4438311006,India,,,Engineering,Senior,,Other,Other,[],,[],8.1,1.0
Couchbase,Senior Sales Director,https://boards.greenhouse.io/couchbaseinc/jobs/4614624006?gh_jid=4614624006,Central Europe Germany,,,Sales,Director+,,Other,Other,[],,[],9.0,1.0
Couchbase,Software Development Engineer in Test II Bangalore,https://boards.greenhouse.io/couchbaseinc/jobs/4607500006?gh_jid=4607500006,India,,,Engineering,Mid,,Other,Other,[],,[],7.2,0
Couchbase,Software Engineer 2 Bangalore,https://boards.greenhouse.io/couchbaseinc/jobs/4590614006?gh_jid=4590614006,India,,,Engineering,Unknown,,Other,Other,[],,[],6.3,0
Couchbase,Software Engineer 2 Bangalore,https://boards.greenhouse.io/couchbaseinc/jobs/4590611006?gh_jid=4590611006,India,,,Engineering,Unknown,,Other,Other,[],,[],6.3,0
Couchbase,Software Engineer II Bangalore,https://boards.greenhouse.io/couchbaseinc/jobs/4612816006?gh_jid=4612816006,India,,,Engineering,Mid,,Other,Other,[],,[],7.2,0
Couchbase,Software Engineering Manager Key-Value Engine Bangalore,https://boards.greenhouse.io/couchbaseinc/jobs/4612840006?gh_jid=4612840006,India,,,Engineering,Manager,,Other,Other,[],,[],7.8,0
Couchbase,Sr Software Engineer Bangalore,https://boards.greenhouse.io/couchbaseinc/jobs/4582679006?gh_jid=4582679006,India,,,Engineering,Unknown,,Other,Other,[],,[],6.3,0
Couchbase,Sr Software Engineer Bangalore,https://boards.greenhouse.io/couchbaseinc/jobs/4612835006?gh_jid=4612835006,India,,,Engineering,Unknown,,Other,Other,[],,[],6.3,0
Couchbase,Sr Software Engineer Bangalore,https://boards.greenhouse.io/couchbaseinc/jobs/4612830006?gh_jid=4612830006,India,,,Engineering,Unknown,,Other,Other,[],,[],6.3,0
Couchbase,Sr Software Engineer Bangalore,https://boards.greenhouse.io/couchbaseinc/jobs/4612824006?gh_jid=4612824006,India,,,Engineering,Unknown,,Other,Other,[],,[],6.3,0
Couchbase,Technical  Engineer Bangalore,https://boards.greenhouse.io/couchbaseinc/jobs/4583397006?gh_jid=4583397006,India,,,Engineering,Unknown,,Other,Other,[],,[],6.3,0
Datadog,Deal Desk Analyst - EMEA General & Administrative Locations,https://careers.datadoghq.com/detail/7420695/?gh_jid=7420695,,,,Other,Unknown,,Monitoring/Platforms,Other,[],,[],0.3,0
Datadog,Enterprise Customer Success Manager Technical Solutions,https://careers.datadoghq.com/detail/7430510/?gh_jid=7430510,Singapore,,,Other,Manager,,Monitoring/Platforms,Other,[],,[],7.8,0
Datadog,Enterprise Sales Engineer (Malaysia Market) Technical Solutions,https://careers.datadoghq.com/detail/7392499/?gh_jid=7392499,Singapore,,,Engineering,Unknown,,Monitoring/Platforms,Other,[],,[],6.3,0
Datadog,Enterprise Sales Engineer Technical Solutions Osaka,https://careers.datadoghq.com/detail/6430289/?gh_jid=6430289,Japan,,,Engineering,Unknown,,Monitoring/Platforms,Other,[],,[],0.3,0
Datadog,Security Engineering Intern Engineering,https://careers.datadoghq.com/detail/7406578/?gh_jid=7406578,USA,,,Engineering,Intern,,Monitoring/Platforms,Other,[],,[],0.1,0
Datadog,Senior Field Marketing Manager (Global Event Meetings) Marketing Locations,https://careers.datadoghq.com/detail/7410698/?gh_jid=7410698,,,,Marketing,Senior,,Monitoring/Platforms,Other,[],,[],2.1,1.0
DataGalaxy,Account Manager SaaS,https://www.welcometothejungle.com/en/companies/datagalaxy/jobs/account-manager-saas_paris,"Paris, Paris, FR, 75002",2025-11-18,11,Other,Manager,,Data Intelligence,Other,[],,[],1.8,0
DataGalaxy,Digital Marketing Manager,https://www.welcometothejungle.com/en/companies/datagalaxy/jobs/digital-marketing-manager-agency-lead-us-based_lyon,"Lyon, Rh√¥ne, FR, 69003",2025-11-06,23,Marketing,Manager,,Data Intelligence,Other,[],,[],1.8,0
Decube,Engineer,https://boards.briohr.com/bousteaduacmalaysia-4hu7jdne41/details/691e96928be4250008de6304,Malaysia,,,Engineering,Unknown,,Other,Other,[],,[],0.3,0
Decube,Frontend Engineer,https://boards.briohr.com/bousteaduacmalaysia-4hu7jdne41/details/68f6f902f3690e0007f31d2b,Malaysia,,,Engineering,Unknown,,Other,Other,[],,[],0.3,0
Decube,Infrastructure Engineer,https://boards.briohr.com/bousteaduacmalaysia-4hu7jdne41/details/6923c91ca7d59c0009fe33f4,Malaysia,,,Engineering,Unknown,,Other,Platform / Infra,"[""Platform / Infra""]",,[],0.3,0
Decube,Senior Frontend Engineer,https://boards.briohr.com/bousteaduacmalaysia-4hu7jdne41/details/6912674beb784e0008d044ce,Malaysia,,,Engineering,Senior,,Other,Other,[],,[],2.1,1.0
Decube,Senior Infrastructure Engineer,https://boards.briohr.com/bousteaduacmalaysia-4hu7jdne41/details/6923cd939b29a300080015a5,Malaysia,,,Engineering,Senior,,Other,Platform / Infra,"[""Platform / Infra""]",,[],2.1,1.0
Decube,Software Engineer,https://boards.briohr.com/bousteaduacmalaysia-4hu7jdne41/details/68f6e635d5d0e1000816bbfc,Malaysia,,,Engineering,Unknown,,Other,Other,[],,[],0.3,0
Fivetran,Customer Success Manager,https://www.fivetran.com/careers/job?gh_jid=7527963003,Ireland,,,Other,Manager,,Etl/Connectors,Other,[],,[],1.8,0
Fivetran,DevOps Manager,https://www.fivetran.com/careers/job?gh_jid=7495991003,Serbia,,,Engineering,Manager,,Etl/Connectors,Other,[],,[],1.8,0
Fivetran,Director Assistant General Counsel,https://www.fivetran.com/careers/job?gh_jid=7494382003,United States,,,Other,Director+,,Etl/Connectors,Other,[],,[],9.0,1.0
Fivetran,"Director, Global HR Operations & Compliance",https://www.fivetran.com/careers/job?gh_jid=7500002003,United States,,,People/HR,Director+,,Etl/Connectors,Other,[],,[],9.0,1.0
Fivetran,"Director, Global HR Operations & Compliance",https://www.fivetran.com/careers/job?gh_jid=7499142003,United States,,,People/HR,Director+,,Etl/Connectors,Other,[],,[],9.0,1.0
Fivetran,Engineering Manager,https://www.fivetran.com/careers/job?gh_jid=7339760003,India,,,Engineering,Manager,,Etl/Connectors,Other,[],,[],7.8,0
Fivetran,Full Stack Engineer II,https://www.fivetran.com/careers/job?gh_jid=7527357003,Serbia,,,Engineering,Mid,,Etl/Connectors,Other,[],,[],1.2,0
Fivetran,GTM Finance & Strategy Senior Manager,https://www.fivetran.com/careers/job?gh_jid=6663552003,United States,,,Other,Senior,,Etl/Connectors,Other,[],,[],8.1,1.0
Fivetran,GTM Finance & Strategy Senior Manager,https://www.fivetran.com/careers/job?gh_jid=6652082003,United States,,,Other,Senior,,Etl/Connectors,Other,[],,[],8.1,1.0
Fivetran,Manager,https://www.fivetran.com/careers/job?gh_jid=7481813003,Serbia,,,Other,Manager,,Etl/Connectors,Other,[],,[],1.8,0
Fivetran,Manager,https://www.fivetran.com/careers/job?gh_jid=7505615003,United States,,,Other,Manager,,Etl/Connectors,Other,[],,[],7.8,0
Fivetran,Manager,https://www.fivetran.com/careers/job?gh_jid=7505798003,AMER,,,Other,Manager,,Etl/Connectors,Other,[],,[],1.8,0
Fivetran,Manager,https://www.fivetran.com/careers/job?gh_jid=7494011003,United States,,,Other,Manager,,Etl/Connectors,Other,[],,[],7.8,0
Fivetran,Manager,https://www.fivetran.com/careers/job?gh_jid=7505722003,United States,,,Other,Manager,,Etl/Connectors,Other,[],,[],7.8,0
Fivetran,Manager Global Customer,https://www.fivetran.com/careers/job?gh_jid=7511761003,India,,,Other,Manager,,Etl/Connectors,Other,[],,[],7.8,0
Fivetran,Principal Software Engineer,https://www.fivetran.com/careers/job?gh_jid=6266323003,India,,,Engineering,Principal/Staff,,Etl/Connectors,Other,[],,[],8.7,1.0
Fivetran,Principal Software Engineer,https://www.fivetran.com/careers/job?gh_jid=6664139003,United States,,,Engineering,Principal/Staff,,Etl/Connectors,Other,[],,[],8.7,1.0
Fivetran,Principal Software Engineer,https://www.fivetran.com/careers/job?gh_jid=6692465003,Germany,,,Engineering,Principal/Staff,,Etl/Connectors,Other,[],,[],8.7,1.0
Fivetran,Product Growth Partner,https://www.fivetran.com/careers/job?gh_jid=7522520003,United States,,,Product,Unknown,,Etl/Connectors,Other,[],,[],6.3,0
Fivetran,Product Growth Partner,https://www.fivetran.com/careers/job?gh_jid=7526802003,United States,,,Product,Unknown,,Etl/Connectors,Other,[],,[],6.3,0
Fivetran,Product Manager III Technical,https://www.fivetran.com/careers/job?gh_jid=6557029003,India,,,Product,Manager,,Etl/Connectors,Other,[],,[],7.8,0
Fivetran,Product Operations Manager,https://www.fivetran.com/careers/job?gh_jid=7512627003,United States,,,Product,Manager,,Etl/Connectors,Other,[],,[],7.8,0
Fivetran,Product Operations Manager,https://www.fivetran.com/careers/job?gh_jid=7507189003,United States,,,Product,Manager,,Etl/Connectors,Other,[],,[],7.8,0
Fivetran,Renewals Manager,https://www.fivetran.com/careers/job?gh_jid=7512722003,United States,,,Other,Manager,,Etl/Connectors,Other,[],,[],7.8,0
Fivetran,Sales Engineer,https://www.fivetran.com/careers/job?gh_jid=7512414003,Singapore,,,Engineering,Unknown,,Etl/Connectors,Other,[],,[],6.3,0
Fivetran,Sales Engineer,https://www.fivetran.com/careers/job?gh_jid=6657870003,India,,,Engineering,Unknown,,Etl/Connectors,Other,[],,[],6.3,0
Fivetran,Sales Engineer,https://www.fivetran.com/careers/job?gh_jid=7511759003,New Zealand,,,Engineering,Unknown,,Etl/Connectors,Other,[],,[],0.3,0
Fivetran,Sales Engineer,https://www.fivetran.com/careers/job?gh_jid=7512897003,France,,,Engineering,Unknown,,Etl/Connectors,Other,[],,[],0.3,0
Fivetran,Sales Engineer,https://www.fivetran.com/careers/job?gh_jid=7512294003,Ireland,,,Engineering,Unknown,,Etl/Connectors,Other,[],,[],0.3,0
Fivetran,Sales Engineer,https://www.fivetran.com/careers/job?gh_jid=7512900003,United Kingdom,,,Engineering,Unknown,,Etl/Connectors,Other,[],,[],0.3,0
Fivetran,Sales Manager,https://www.fivetran.com/careers/job?gh_jid=7489921003,United States,,,Sales,Manager,,Etl/Connectors,Other,[],,[],7.8,0
Fivetran,Senior Data Analyst,https://www.fivetran.com/careers/job?gh_jid=6690047003,United States,,,Data/Analytics,Senior,,Etl/Connectors,Other,[],,[],8.1,1.0
Fivetran,Senior Delivery Manager,https://www.fivetran.com/careers/job?gh_jid=7532747003,United States,,,Other,Senior,,Etl/Connectors,Other,[],,[],8.1,1.0
Fivetran,Senior Delivery Manager,https://www.fivetran.com/careers/job?gh_jid=7537869003,United States,,,Other,Senior,,Etl/Connectors,Other,[],,[],8.1,1.0
Fivetran,Senior Financial Analyst,https://www.fivetran.com/careers/job?gh_jid=6936060003,United States,,,Other,Senior,,Etl/Connectors,Other,[],,[],8.1,1.0
Fivetran,Senior Financial Analyst,https://www.fivetran.com/careers/job?gh_jid=6689996003,United States,,,Other,Senior,,Etl/Connectors,Other,[],,[],8.1,1.0
Fivetran,Senior Marketing Data Analyst,https://www.fivetran.com/careers/job?gh_jid=7492882003,United States,,,Data/Analytics,Senior,,Etl/Connectors,Other,[],,[],8.1,1.0
Fivetran,Senior Product Manager,https://www.fivetran.com/careers/job?gh_jid=7524547003,United States,,,Product,Senior,,Etl/Connectors,Other,[],,[],8.1,1.0
Fivetran,Senior Product Manager,https://www.fivetran.com/careers/job?gh_jid=7524543003,United States,,,Product,Senior,,Etl/Connectors,Other,[],,[],8.1,1.0
Fivetran,Senior Product Manager,https://www.fivetran.com/careers/job?gh_jid=7538009003,United States,,,Product,Senior,,Etl/Connectors,Other,[],,[],8.1,1.0
Fivetran,Senior Product Manager,https://www.fivetran.com/careers/job?gh_jid=7530154003,United States,,,Product,Senior,,Etl/Connectors,Other,[],,[],8.1,1.0
Fivetran,Senior Product Manager,https://www.fivetran.com/careers/job?gh_jid=7512393003,United States,,,Product,Senior,,Etl/Connectors,Other,[],,[],8.1,1.0
Fivetran,Senior Product Manager,https://www.fivetran.com/careers/job?gh_jid=7511763003,United States,,,Product,Senior,,Etl/Connectors,Other,[],,[],8.1,1.0
Fivetran,Senior Product Manager,https://www.fivetran.com/careers/job?gh_jid=6648548003,United States,,,Product,Senior,,Etl/Connectors,Other,[],,[],8.1,1.0
Fivetran,Senior Product Manager,https://www.fivetran.com/careers/job?gh_jid=6645141003,United States,,,Product,Senior,,Etl/Connectors,Other,[],,[],8.1,1.0
Fivetran,Senior Product Manager,https://www.fivetran.com/careers/job?gh_jid=6666499003,United States,,,Product,Senior,,Etl/Connectors,Other,[],,[],8.1,1.0
Fivetran,Senior Product Manager,https://www.fivetran.com/careers/job?gh_jid=6648720003,United States,,,Product,Senior,,Etl/Connectors,Other,[],,[],8.1,1.0
Fivetran,Senior Product Manager,https://www.fivetran.com/careers/job?gh_jid=6626331003,United States,,,Product,Senior,,Etl/Connectors,Other,[],,[],8.1,1.0
Fivetran,Senior Product Manager,https://www.fivetran.com/careers/job?gh_jid=6609923003,United States,,,Product,Senior,,Etl/Connectors,Other,[],,[],8.1,1.0
Fivetran,Senior Product Manager,https://www.fivetran.com/careers/job?gh_jid=6614070003,Canada,,,Product,Senior,,Etl/Connectors,Other,[],,[],8.1,1.0
Fivetran,"Senior Product Manager, AI Developer Tools & SDK",https://www.fivetran.com/careers/job?gh_jid=6672076003,United States,,,Engineering,Senior,AI,Etl/Connectors,ML/AI infra,"[""ML/AI infra""]",AI,"[""AI""]",16.1,3.0
Fivetran,"Senior Product Manager, AI Developer Tools & SDK",https://www.fivetran.com/careers/job?gh_jid=6672069003,United States,,,Engineering,Senior,AI,Etl/Connectors,ML/AI infra,"[""ML/AI infra""]",AI,"[""AI""]",16.1,3.0
Fivetran,"Senior Product Manager, AI Developer Tools & SDK",https://www.fivetran.com/careers/job?gh_jid=6672078003,Canada,,,Engineering,Senior,AI,Etl/Connectors,ML/AI infra,"[""ML/AI infra""]",AI,"[""AI""]",16.1,3.0
Fivetran,Senior Program Manager,https://www.fivetran.com/careers/job?gh_jid=7484292003,India,,,Other,Senior,,Etl/Connectors,Other,[],,[],8.1,1.0
Fivetran,Senior Program Manager,https://www.fivetran.com/careers/job?gh_jid=7494054003,Canada,,,Other,Senior,,Etl/Connectors,Other,[],,[],8.1,1.0
Fivetran,Senior QTC Finance Transformation Manager,https://www.fivetran.com/careers/job?gh_jid=7538076003,United States,,,Other,Senior,,Etl/Connectors,Other,[],,[],8.1,1.0
Fivetran,Senior QTC Finance Transformation Manager,https://www.fivetran.com/careers/job?gh_jid=7532794003,United States,,,Other,Senior,,Etl/Connectors,Other,[],,[],8.1,1.0
Fivetran,Senior Sales Engineer,https://www.fivetran.com/careers/job?gh_jid=7493999003,United States,,,Engineering,Senior,,Etl/Connectors,Other,[],,[],8.1,1.0
Fivetran,Senior Sales Engineer,https://www.fivetran.com/careers/job?gh_jid=7513591003,United States,,,Engineering,Senior,,Etl/Connectors,Other,[],,[],8.1,1.0
Fivetran,Senior Sales Engineer,https://www.fivetran.com/careers/job?gh_jid=7493989003,United States,,,Engineering,Senior,,Etl/Connectors,Other,[],,[],8.1,1.0
Fivetran,Senior Sales Engineer,https://www.fivetran.com/careers/job?gh_jid=7494019003,United States,,,Engineering,Senior,,Etl/Connectors,Other,[],,[],8.1,1.0
Fivetran,Senior Sales Manager,https://www.fivetran.com/careers/job?gh_jid=7535170003,United States,,,Sales,Senior,,Etl/Connectors,Other,[],,[],8.1,1.0
Fivetran,Senior Site Reliability Engineer,https://www.fivetran.com/careers/job?gh_jid=6614646003,Ireland,,,Engineering,Senior,,Etl/Connectors,Other,[],,[],2.1,1.0
Fivetran,Senior Software Development Engineer in Test,https://www.fivetran.com/careers/job?gh_jid=7486033003,Serbia,,,Engineering,Senior,,Etl/Connectors,Other,[],,[],2.1,1.0
Fivetran,Senior Software Development Engineer in Test,https://www.fivetran.com/careers/job?gh_jid=7410837003,India,,,Engineering,Senior,,Etl/Connectors,Other,[],,[],8.1,1.0
Fivetran,Senior Software Engineer,https://www.fivetran.com/careers/job?gh_jid=6570492003,United States,,,Engineering,Senior,,Etl/Connectors,Other,[],,[],8.1,1.0
Fivetran,Senior Software Engineer,https://www.fivetran.com/careers/job?gh_jid=6483952003,India,,,Engineering,Senior,,Etl/Connectors,Other,[],,[],8.1,1.0
Fivetran,Senior Software Engineer,https://www.fivetran.com/careers/job?gh_jid=6606298003,India,,,Engineering,Senior,,Etl/Connectors,Other,[],,[],8.1,1.0
Fivetran,Senior Software Engineer,https://www.fivetran.com/careers/job?gh_jid=7518076003,Ireland,,,Engineering,Senior,,Etl/Connectors,Other,[],,[],2.1,1.0
Fivetran,Senior Software Engineer,https://www.fivetran.com/careers/job?gh_jid=7159432003,Canada,,,Engineering,Senior,,Etl/Connectors,Other,[],,[],8.1,1.0
Fivetran,Senior Software Engineer,https://www.fivetran.com/careers/job?gh_jid=7503642003,India,,,Engineering,Senior,,Etl/Connectors,Other,[],,[],8.1,1.0
Fivetran,Senior Software Engineer,https://www.fivetran.com/careers/job?gh_jid=7527328003,Serbia,,,Engineering,Senior,,Etl/Connectors,Other,[],,[],2.1,1.0
Fivetran,Senior Software Engineer,https://www.fivetran.com/careers/job?gh_jid=7482538003,Serbia,,,Engineering,Senior,,Etl/Connectors,Other,[],,[],2.1,1.0
Fivetran,Senior Software Engineer,https://www.fivetran.com/careers/job?gh_jid=6561660003,Serbia,,,Engineering,Senior,,Etl/Connectors,Other,[],,[],2.1,1.0
Fivetran,Senior Staff GTM Engineer,https://www.fivetran.com/careers/job?gh_jid=6660393003,United States,,,Engineering,Senior,,Etl/Connectors,Other,[],,[],8.1,1.0
Fivetran,Senior Staff GTM Engineer,https://www.fivetran.com/careers/job?gh_jid=6650807003,United States,,,Engineering,Senior,,Etl/Connectors,Other,[],,[],8.1,1.0
Fivetran,Senior Staff SDET Engineer,https://www.fivetran.com/careers/job?gh_jid=7451701003,India,,,Engineering,Senior,,Etl/Connectors,Other,[],,[],8.1,1.0
Fivetran,Senior Staff Site Reliability Engineer,https://www.fivetran.com/careers/job?gh_jid=7486167003,United States,,,Engineering,Senior,,Etl/Connectors,Other,[],,[],8.1,1.0
Fivetran,Senior Staff Software Engineer,https://www.fivetran.com/careers/job?gh_jid=7483663003,United States,,,Engineering,Senior,,Etl/Connectors,Other,[],,[],8.1,1.0
Fivetran,Senior Staff Software Engineer,https://www.fivetran.com/careers/job?gh_jid=7393532003,United States,,,Engineering,Senior,,Etl/Connectors,Other,[],,[],8.1,1.0
Fivetran,Senior Staff Software Engineer,https://www.fivetran.com/careers/job?gh_jid=6692463003,Germany,,,Engineering,Senior,,Etl/Connectors,Other,[],,[],8.1,1.0
Fivetran,Senior Staff Systems Engineer,https://www.fivetran.com/careers/job?gh_jid=7353012003,United States,,,Engineering,Senior,,Etl/Connectors,Other,[],,[],8.1,1.0
Fivetran,Senior Staff Systems Engineer,https://www.fivetran.com/careers/job?gh_jid=7155856003,United States,,,Engineering,Senior,,Etl/Connectors,Other,[],,[],8.1,1.0
Fivetran,Software Engineer II,https://www.fivetran.com/careers/job?gh_jid=7492878003,United States,,,Engineering,Mid,,Etl/Connectors,Other,[],,[],7.2,0
Fivetran,Software Engineer II,https://www.fivetran.com/careers/job?gh_jid=7502958003,Serbia,,,Engineering,Mid,,Etl/Connectors,Other,[],,[],1.2,0
Fivetran,Solution Architect,https://www.fivetran.com/careers/job?gh_jid=7531634003,India,,,Other,Unknown,,Etl/Connectors,Other,[],,[],6.3,0
Fivetran,Staff Program Manager,https://www.fivetran.com/careers/job?gh_jid=7505848003,United States,,,Other,Manager,,Etl/Connectors,Other,[],,[],7.8,0
Fivetran,Staff Program Manager,https://www.fivetran.com/careers/job?gh_jid=7503096003,United States,,,Other,Manager,,Etl/Connectors,Other,[],,[],7.8,0
Fivetran,Staff Site Reliability Engineer,https://www.fivetran.com/careers/job?gh_jid=6565180003,United States,,,Engineering,Unknown,,Etl/Connectors,Other,[],,[],6.3,0
Fivetran,Staff Site Reliability Engineer,https://www.fivetran.com/careers/job?gh_jid=6302903003,United States,,,Engineering,Unknown,,Etl/Connectors,Other,[],,[],6.3,0
Fivetran,Staff Site Reliability Engineer,https://www.fivetran.com/careers/job?gh_jid=6247446003,United States,,,Engineering,Unknown,,Etl/Connectors,Other,[],,[],6.3,0
Fivetran,Staff Software Development Engineer in Test,https://www.fivetran.com/careers/job?gh_jid=7504884003,India,,,Engineering,Unknown,,Etl/Connectors,Other,[],,[],6.3,0
Fivetran,Staff Software Engineer,https://www.fivetran.com/careers/job?gh_jid=6598497003,United States,,,Engineering,Unknown,,Etl/Connectors,Other,[],,[],6.3,0
Fivetran,Staff Software Engineer,https://www.fivetran.com/careers/job?gh_jid=6668702003,India,,,Engineering,Unknown,,Etl/Connectors,Other,[],,[],6.3,0
Fivetran,Staff Software Engineer,https://www.fivetran.com/careers/job?gh_jid=7209402003,Germany,,,Engineering,Unknown,,Etl/Connectors,Other,[],,[],6.3,0
Fivetran,Staff Systems Engineer,https://www.fivetran.com/careers/job?gh_jid=7160110003,United States,,,Engineering,Unknown,,Etl/Connectors,Other,[],,[],6.3,0
Fivetran,Staff Systems Engineer,https://www.fivetran.com/careers/job?gh_jid=7331440003,United States,,,Engineering,Unknown,,Etl/Connectors,Other,[],,[],6.3,0
Informatica,Data Architect,https://www.informatica.com/departments/data-architect.html,,,,Data/Analytics,Unknown,,Data Intelligence,Other,[],,[],0.3,0
Informatica,Presales Senior Solution Engineer,https://informatica.gr8people.com/jobs/38802/presales-senior-solution-engineer?j_idx=4,"City, United States",2025-11-26,3,Engineering,Senior,,Data Intelligence,Other,[],,[],8.1,1.0
Informatica,Regional Alliance Manager,https://informatica.gr8people.com/jobs/38847/regional-alliance-manager?j_idx=3,"City, United States",2025-11-26,3,Other,Manager,,Data Intelligence,Other,[],,[],7.8,0
Informatica,Senior Presales Engineer,https://informatica.gr8people.com/jobs/38800/senior-presales-engineer?j_idx=5,"City, United States",2025-11-26,3,Engineering,Senior,,Data Intelligence,Other,[],,[],8.1,1.0
Informatica,Solution Architect,https://informatica.gr8people.com/jobs/38806/solution-architect?j_idx=1,"Stuttgart, Baden-W√ºrttemberg, Germany",2025-11-27,2,Other,Unknown,,Data Intelligence,Other,[],,[],6.3,0
MongoDB,Director,https://www.mongodb.com/careers/job/?gh_jid=7380930,Engineering C2C Dublin,,,Other,Director+,,Other,Other,[],,[],3.0,1.0
MongoDB,Director,https://www.mongodb.com/careers/job/?gh_jid=7301901,Escalation Management location Bengaluru; Gurugram suitcase Full-time chevron-right,,,Other,Director+,,Other,Other,[],,[],3.0,1.0
MongoDB,Director,https://www.mongodb.com/careers/job/?gh_jid=7103182,IT location New York City; San Francisco suitcase Full-time chevron-right,,,Other,Director+,,Other,Other,[],,[],3.0,1.0
MongoDB,Director,https://www.mongodb.com/careers/job/?gh_jid=7355907,Storage Engines Sydney,,,Other,Director+,,Other,Other,[],,[],3.0,1.0
MongoDB,EMEA PMO Manager Dublin,https://www.mongodb.com/careers/job/?gh_jid=6527524,,,,Other,Manager,,Other,Other,[],,[],1.8,0
MongoDB,Engineering Manager,https://www.mongodb.com/careers/job/?gh_jid=7229701,Query Toronto; Vancouver,,,Engineering,Manager,,Other,Other,[],,[],1.8,0
MongoDB,Engineering Manager,https://www.mongodb.com/careers/job/?gh_jid=7229699,Query location United States suitcase Full-time chevron-right,,,Engineering,Manager,,Other,Other,[],,[],7.8,0
MongoDB,Engineering Manager,https://www.mongodb.com/careers/job/?gh_jid=7336498,Stream Processing location New York City; United States suitcase Full-time chevron-right,,,Engineering,Manager,,Other,Streaming / Real-time,"[""Streaming / Real-time""]",,[],37.8,0
MongoDB,Escalation Engineer,https://www.mongodb.com/careers/job/?gh_jid=7209916,New York City; United States suitcase Full-time chevron-right,,,Engineering,Unknown,,Other,Other,[],,[],6.3,0
MongoDB,Escalation Engineer Alberta; British Columbia; Manitoba; Nova Scotia; Ontario; Quebec; Toronto,https://www.mongodb.com/careers/job/?gh_jid=7209918,,,,Engineering,Unknown,,Other,Other,[],,[],0.3,0
MongoDB,InfoSec Engineer II Dublin,https://www.mongodb.com/careers/job/?gh_jid=7248114,,,,Engineering,Mid,,Other,Other,[],,[],1.2,0
MongoDB,Lead Engineer,https://www.mongodb.com/careers/job/?gh_jid=7271659,Atlas Clusters location New York City suitcase Full-time chevron-right,,,Engineering,Senior,,Other,Other,[],,[],2.1,1.0
MongoDB,Lead Engineer,https://www.mongodb.com/careers/job/?gh_jid=7259791,Atlas Dedicated Dublin,,,Engineering,Senior,,Other,Other,[],,[],2.1,1.0
MongoDB,Lead Engineer,https://www.mongodb.com/careers/job/?gh_jid=7408927,Catalog & Routing Dublin,,,Engineering,Senior,,Other,Data Governance,"[""Data Governance""]",,[],32.1,1.0
MongoDB,Lead Engineer,https://www.mongodb.com/careers/job/?gh_jid=7195895,Inference Platform Palo Alto,,,Engineering,Senior,,Other,Platform / Infra,"[""Platform / Infra""]",,[],2.1,1.0
MongoDB,Lead Engineer,https://www.mongodb.com/careers/job/?gh_jid=7316445,Online Archive Storage Systems location New York City; San Francisco; Seattle suitcase Full-time chevron-right,,,Engineering,Senior,,Other,Other,[],,[],2.1,1.0
MongoDB,Lead Engineer,https://www.mongodb.com/careers/job/?gh_jid=7201997,Server Programmability location United States suitcase Full-time chevron-right,,,Engineering,Senior,,Other,Other,[],,[],8.1,1.0
MongoDB,"Lead Engineer, Server Programmability Alberta; British Columbia; Manitoba; Nova Scotia; Ontario; Quebec",https://www.mongodb.com/careers/job/?gh_jid=7201999,,,,Engineering,Senior,,Other,Other,[],,[],2.1,1.0
MongoDB,Lead Platform Engineer,https://www.mongodb.com/careers/job/?gh_jid=7410596,Application Modernization Gurugram,,,Engineering,Senior,,Other,Platform / Infra,"[""Platform / Infra""]",,[],2.1,1.0
MongoDB,Lead Software Engineer,https://www.mongodb.com/careers/job/?gh_jid=7310369,Modernisation Platform Gurugram,,,Engineering,Senior,,Other,Platform / Infra,"[""Platform / Infra""]",,[],2.1,1.0
MongoDB,Manager of Crisis Management and IT Disaster Recovery,https://www.mongodb.com/careers/job/?gh_jid=7365604,United States suitcase Full-time chevron-right,,,Other,Manager,,Other,Other,[],,[],7.8,0
MongoDB,Principal Research Scientist,https://www.mongodb.com/careers/job/?gh_jid=6819978,Database Systems location New York City; Palo Alto suitcase Full-time chevron-right,,,Other,Principal/Staff,,Other,Other,[],,[],2.7,1.0
MongoDB,Research Engineer Palo Alto,https://www.mongodb.com/careers/job/?gh_jid=7275322,,,,Engineering,Unknown,,Other,Other,[],,[],0.3,0
MongoDB,Senior Business Analyst,https://www.mongodb.com/careers/job/?gh_jid=6841436,Technical Services location New York City suitcase Full-time chevron-right,,,Other,Senior,,Other,Other,[],,[],2.1,1.0
MongoDB,Senior Engineer,https://www.mongodb.com/careers/job/?gh_jid=7257748,Coupa & P2P Processes location Bengaluru; Gurugram suitcase Full-time chevron-right,,,Engineering,Senior,,Other,Other,[],,[],2.1,1.0
MongoDB,Senior Engineer,https://www.mongodb.com/careers/job/?gh_jid=6477783,Storage Layer Services location United States suitcase Full-time chevron-right,,,Engineering,Senior,,Other,Other,[],,[],8.1,1.0
MongoDB,Senior Engineer,https://www.mongodb.com/careers/job/?gh_jid=6484467,Storage Layer Services Canada,,,Engineering,Senior,,Other,Other,[],,[],8.1,1.0
MongoDB,Senior InfoSec Engineer,https://www.mongodb.com/careers/job/?gh_jid=7280331,Red Team location New York City; San Francisco; Seattle; United States suitcase Full-time chevron-right,,,Engineering,Senior,,Other,Other,[],,[],8.1,1.0
MongoDB,Senior Java Software Engineer,https://www.mongodb.com/careers/job/?gh_jid=7194687,Client Libraries Toronto; Vancouver,,,Engineering,Senior,JAVA,Other,Other,[],JAVA,"[""JAVA""]",2.1,1.0
MongoDB,Senior Manager,https://www.mongodb.com/careers/job/?gh_jid=7337511,Technical Services Engineering location Austin; New York City; United States suitcase Full-time chevron-right,,,Other,Senior,,Other,Other,[],,[],8.1,1.0
MongoDB,Senior Research Scientist Palo Alto,https://www.mongodb.com/careers/job/?gh_jid=7365646,,,,Other,Senior,,Other,Other,[],,[],2.1,1.0
MongoDB,Senior Senior Software Engineer,https://www.mongodb.com/careers/job/?gh_jid=7391511,Catalog & Routing Dublin,,,Engineering,Senior,,Other,Data Governance,"[""Data Governance""]",,[],32.1,1.0
MongoDB,Senior Software Engineer,https://www.mongodb.com/careers/job/?gh_jid=7156016,Atlas Clusters Automation Dublin,,,Engineering,Senior,,Other,Other,[],,[],2.1,1.0
MongoDB,Senior Software Engineer,https://www.mongodb.com/careers/job/?gh_jid=7254433,Atlas Clusters Security location New York City suitcase Full-time chevron-right,,,Engineering,Senior,,Other,Other,[],,[],2.1,1.0
MongoDB,Senior Software Engineer,https://www.mongodb.com/careers/job/?gh_jid=7378959,C2C Services Dublin,,,Engineering,Senior,,Other,Other,[],,[],2.1,1.0
MongoDB,Senior Software Engineer,https://www.mongodb.com/careers/job/?gh_jid=7380085,C2C Tooling Dublin,,,Engineering,Senior,,Other,Other,[],,[],2.1,1.0
MongoDB,Senior Software Engineer,https://www.mongodb.com/careers/job/?gh_jid=6720794,Cloud Payments location United States suitcase Full-time chevron-right,,,Engineering,Senior,,Other,Other,[],,[],8.1,1.0
MongoDB,Senior Software Engineer,https://www.mongodb.com/careers/job/?gh_jid=7346405,Developer Tools Dublin,,,Engineering,Senior,,Other,Other,[],,[],2.1,1.0
MongoDB,Senior Software Engineer,https://www.mongodb.com/careers/job/?gh_jid=6683531,Enterprise Advanced Gurugram,,,Engineering,Senior,,Other,Other,[],,[],2.1,1.0
MongoDB,Senior Software Engineer,https://www.mongodb.com/careers/job/?gh_jid=7304325,Frontend and AI location New York City suitcase Full-time chevron-right,,,Engineering,Senior,,Other,ML/AI infra,"[""ML/AI infra""]",,[],2.1,1.0
MongoDB,Senior Software Engineer,https://www.mongodb.com/careers/job/?gh_jid=7392427,Inference Platform Palo Alto,,,Engineering,Senior,,Other,Platform / Infra,"[""Platform / Infra""]",,[],2.1,1.0
MongoDB,Senior Software Engineer,https://www.mongodb.com/careers/job/?gh_jid=6749138,MongoDB Server Clusters and Interfaces location United States suitcase Full-time chevron-right,,,Engineering,Senior,,Other,Other,[],,[],8.1,1.0
MongoDB,Senior Software Engineer,https://www.mongodb.com/careers/job/?gh_jid=7111375,Observability Dublin,,,Engineering,Senior,,Other,Data Observability,"[""Data Observability""]",,[],32.1,1.0
MongoDB,Senior Software Engineer,https://www.mongodb.com/careers/job/?gh_jid=7345260,Search Systems Toronto,,,Engineering,Senior,,Other,Other,[],,[],2.1,1.0
MongoDB,Senior Software Engineer,https://www.mongodb.com/careers/job/?gh_jid=6866771,Storage Layer Services Sydney,,,Engineering,Senior,,Other,Other,[],,[],2.1,1.0
MongoDB,Senior Software Engineer,https://www.mongodb.com/careers/job/?gh_jid=7388640,Education AI Dublin,,,Engineering,Senior,,Other,ML/AI infra,"[""ML/AI infra""]",,[],2.1,1.0
MongoDB,Senior Software Engineer,https://www.mongodb.com/careers/job/?gh_jid=7427702,Education AI Ireland,,,Engineering,Senior,,Other,ML/AI infra,"[""ML/AI infra""]",,[],2.1,1.0
MongoDB,"Senior Software Engineer, Atlas Search Query San Francisco",https://www.mongodb.com/careers/job/?gh_jid=7263533,,,,Engineering,Senior,,Other,Other,[],,[],2.1,1.0
MongoDB,"Senior Software Engineer, Forward Deployed AI Engineer Dublin",https://www.mongodb.com/careers/job/?gh_jid=7392902,,,,Engineering,Senior,AI,Other,ML/AI infra,"[""ML/AI infra""]",AI,"[""AI""]",10.1,3.0
MongoDB,"Senior Software Engineer, Identity and Access Management Toronto",https://www.mongodb.com/careers/job/?gh_jid=7059646,,,,Engineering,Senior,,Other,Other,[],,[],2.1,1.0
MongoDB,Senior Staff Engineer,https://www.mongodb.com/careers/job/?gh_jid=6394590,Cluster Scalability location United States suitcase Full-time chevron-right,,,Engineering,Senior,,Other,Other,[],,[],8.1,1.0
MongoDB,Senior Staff Engineer,https://www.mongodb.com/careers/job/?gh_jid=6713492,Server Networking & Observability location United States suitcase Full-time chevron-right,,,Engineering,Senior,,Other,Data Observability,"[""Data Observability""]",,[],38.1,1.0
MongoDB,Senior Staff Engineer,https://www.mongodb.com/careers/job/?gh_jid=6659380,Server Networking & Observability location New York City suitcase Full-time chevron-right,,,Engineering,Senior,,Other,Data Observability,"[""Data Observability""]",,[],32.1,1.0
MongoDB,"Senior Staff Engineer, Cluster Scalability Montreal; Quebec; Toronto; Vancouver",https://www.mongodb.com/careers/job/?gh_jid=6394601,,,,Engineering,Senior,,Other,Other,[],,[],2.1,1.0
MongoDB,"Senior Staff Engineer, Server Networking & Observability Palo Alto",https://www.mongodb.com/careers/job/?gh_jid=6661887,,,,Engineering,Senior,OBSERVABILITY,Other,Data Observability,"[""Data Observability""]",OBSERVABILITY,"[""OBSERVABILITY""]",32.1,2.5
MongoDB,"Senior Staff Engineer, Server Networking & Observability Seattle",https://www.mongodb.com/careers/job/?gh_jid=6661893,,,,Engineering,Senior,OBSERVABILITY,Other,Data Observability,"[""Data Observability""]",OBSERVABILITY,"[""OBSERVABILITY""]",32.1,2.5
MongoDB,"Senior Staff Engineer, Server Networking & Observability Toronto",https://www.mongodb.com/careers/job/?gh_jid=6659382,,,,Engineering,Senior,OBSERVABILITY,Other,Data Observability,"[""Data Observability""]",OBSERVABILITY,"[""OBSERVABILITY""]",32.1,2.5
MongoDB,Senior Staff Technical Program Manager Dublin,https://www.mongodb.com/careers/job/?gh_jid=7340968,,,,Other,Senior,,Other,Other,[],,[],2.1,1.0
MongoDB,Senior Technical Services Engineer- Weekends Palo Alto,https://www.mongodb.com/careers/job/?gh_jid=7368213,,,,Engineering,Senior,,Other,Other,[],,[],2.1,1.0
MongoDB,Site Reliability Engineer (Senior or Staff),https://www.mongodb.com/careers/job/?gh_jid=6984809,Atlas location Austin; Boston; Chicago; New York City; Pittsburgh; United States suitcase Full-time chevron-right,,,Engineering,Senior,,Other,Other,[],,[],8.1,1.0
MongoDB,Site Reliability Engineer (Senior or Staff),https://www.mongodb.com/careers/job/?gh_jid=7360537,Deployments Dublin; Ireland,,,Engineering,Senior,,Other,Other,[],,[],2.1,1.0
MongoDB,Site Reliability Engineer (Senior or Staff),https://www.mongodb.com/careers/job/?gh_jid=6987333,Fabric location Austin; Boston; Los Angeles; New York City; Raleigh; San Francisco; United States suitcase Full-time chevron-right,,,Engineering,Senior,,Other,Other,[],,[],8.1,1.0
MongoDB,Site Reliability Engineer (Senior or Staff),https://www.mongodb.com/careers/job/?gh_jid=6601882,Infrastructure Security location Austin; Chicago; New York City; San Francisco; United States suitcase Full-time chevron-right,,,Engineering,Senior,,Other,Platform / Infra,"[""Platform / Infra""]",,[],8.1,1.0
MongoDB,Site Reliability Engineer (Senior or Staff),https://www.mongodb.com/careers/job/?gh_jid=6864997,Infrastructure Security Ontario; Quebec,,,Engineering,Senior,,Other,Platform / Infra,"[""Platform / Infra""]",,[],2.1,1.0
MongoDB,Site Reliability Engineer (Senior or Staff),https://www.mongodb.com/careers/job/?gh_jid=7192648,Observability Ireland,,,Engineering,Senior,,Other,Data Observability,"[""Data Observability""]",,[],32.1,1.0
MongoDB,Site Reliability Engineer (Senior or Staff),https://www.mongodb.com/careers/job/?gh_jid=6711349,Observability location Austin; Boston; Chicago; New York City; Pittsburgh; United States; Washington DC suitcase Full-time chevron-right,,,Engineering,Senior,,Other,Data Observability,"[""Data Observability""]",,[],38.1,1.0
MongoDB,"Site Reliability Engineer (Senior or Staff), Fabric Alberta; British Columbia; Manitoba; Ontario; Quebec",https://www.mongodb.com/careers/job/?gh_jid=6987335,,,,Engineering,Senior,,Other,Other,[],,[],2.1,1.0
MongoDB,Software Engineer,https://www.mongodb.com/careers/job/?gh_jid=6677731,Catalog and Routing Dublin,,,Engineering,Unknown,,Other,Data Governance,"[""Data Governance""]",,[],30.3,0
MongoDB,Software Engineer,https://www.mongodb.com/careers/job/?gh_jid=7389031,Diagnostics location San Francisco; United States suitcase Full-time chevron-right,,,Engineering,Unknown,,Other,Other,[],,[],6.3,0
MongoDB,Software Engineer 3,https://www.mongodb.com/careers/job/?gh_jid=7397285,Atlas Dedicated Ireland,,,Engineering,Unknown,,Other,Other,[],,[],0.3,0
MongoDB,Software Engineer 3,https://www.mongodb.com/careers/job/?gh_jid=7386438,Atlas Dedicated Dublin,,,Engineering,Unknown,,Other,Other,[],,[],0.3,0
MongoDB,Software Engineer 3,https://www.mongodb.com/careers/job/?gh_jid=7373899,Identity and Access Management location New York City suitcase Full-time chevron-right,,,Engineering,Unknown,,Other,Other,[],,[],0.3,0
MongoDB,Software Engineer 3,https://www.mongodb.com/careers/job/?gh_jid=7193367,Query Dublin,,,Engineering,Unknown,,Other,Other,[],,[],0.3,0
MongoDB,Software Engineer 3,https://www.mongodb.com/careers/job/?gh_jid=7253772,Storage Engines Sydney,,,Engineering,Unknown,,Other,Other,[],,[],0.3,0
MongoDB,Software Engineer 3 Gurugram,https://www.mongodb.com/careers/job/?gh_jid=6815693,,,,Engineering,Unknown,,Other,Other,[],,[],0.3,0
MongoDB,"Software Engineer 3, Search Systems Replication & Routing San Francisco",https://www.mongodb.com/careers/job/?gh_jid=7235322,,,,Engineering,Unknown,,Other,ETL/Integration,"[""ETL/Integration""]",,[],30.3,0
MongoDB,"Software Engineer 3, Search Web Platform Alberta; British Columbia; Ontario; Quebec; Toronto; Vancouver",https://www.mongodb.com/careers/job/?gh_jid=7355902,,,,Engineering,Unknown,,Other,Platform / Infra,"[""Platform / Infra""]",,[],0.3,0
MongoDB,Staff Engineer,https://www.mongodb.com/careers/job/?gh_jid=7079365,APIx Dublin,,,Engineering,Unknown,,Other,Other,[],,[],0.3,0
MongoDB,Staff Engineer,https://www.mongodb.com/careers/job/?gh_jid=7094786,Search Systems Toronto,,,Engineering,Unknown,,Other,Other,[],,[],0.3,0
MongoDB,Staff NetSuite Engineer Palo Alto,https://www.mongodb.com/careers/job/?gh_jid=7274598,,,,Engineering,Unknown,,Other,Other,[],,[],0.3,0
MongoDB,Staff Research Scientist Palo Alto;,https://www.mongodb.com/careers/job/?gh_jid=7280132,United States suitcase Full-time chevron-right,,,Other,Unknown,,Other,Other,[],,[],6.3,0
MongoDB,Staff Software Engineer,https://www.mongodb.com/careers/job/?gh_jid=7409529,C2C Dublin,,,Engineering,Unknown,,Other,Other,[],,[],0.3,0
MongoDB,Staff Software Engineer,https://www.mongodb.com/careers/job/?gh_jid=7264736,Networking & Observability location Seattle; United States suitcase Full-time chevron-right,,,Engineering,Unknown,,Other,Data Observability,"[""Data Observability""]",,[],36.3,0
MongoDB,Staff Software Engineer,https://www.mongodb.com/careers/job/?gh_jid=7221902,Query location New York City; United States suitcase Full-time chevron-right,,,Engineering,Unknown,,Other,Other,[],,[],6.3,0
MongoDB,Staff Software Engineer,https://www.mongodb.com/careers/job/?gh_jid=6352682,Server Security location New York City suitcase Full-time chevron-right,,,Engineering,Unknown,,Other,Other,[],,[],0.3,0
MongoDB,Staff Software Engineer,https://www.mongodb.com/careers/job/?gh_jid=6352684,Server Security Canada,,,Engineering,Unknown,,Other,Other,[],,[],6.3,0
MongoDB,Staff Software Engineer,https://www.mongodb.com/careers/job/?gh_jid=6515209,Server Security location United States suitcase Full-time chevron-right,,,Engineering,Unknown,,Other,Other,[],,[],6.3,0
MongoDB,"Staff Software Engineer, Networking & Observability Alberta; British Columbia; Manitoba; Nova Scotia; Ontario; Quebec",https://www.mongodb.com/careers/job/?gh_jid=7264738,,,,Engineering,Unknown,OBSERVABILITY,Other,Data Observability,"[""Data Observability""]",OBSERVABILITY,"[""OBSERVABILITY""]",30.3,1.5
MongoDB,"Staff Software Engineer, Query Calgary; Edmonton; Montreal; Ontario; Toronto; Vancouver",https://www.mongodb.com/careers/job/?gh_jid=7221904,,,,Engineering,Unknown,,Other,Other,[],,[],0.3,0
MongoDB,Staff Technical Program Manager,https://www.mongodb.com/careers/job/?gh_jid=6771131,New York City; San Francisco; United States suitcase Full-time chevron-right,,,Other,Manager,,Other,Other,[],,[],7.8,0
MongoDB,Staff Technical Program Manager Dublin,https://www.mongodb.com/careers/job/?gh_jid=7391474,,,,Other,Manager,,Other,Other,[],,[],1.8,0
MongoDB,Staff Technical Program Manager Dublin,https://www.mongodb.com/careers/job/?gh_jid=6765245,,,,Other,Manager,,Other,Other,[],,[],1.8,0
MongoDB,Technical Services Engineer Dublin,https://www.mongodb.com/careers/job/?gh_jid=7077137,,,,Engineering,Unknown,,Other,Other,[],,[],0.3,0
Monte Carlo,Director Strategic Sales East Sales New York; Boston; Baltimore; Philadelphia; Washington DC Full time,https://jobs.ashbyhq.com/montecarlodata/57d1f0c4-1bda-43b1-831c-d89b8da26d4e,Remote,2025-09-24,66,Sales,Director+,,Data Observability,Other,[],,[],3.0,1.0
Monte Carlo,Head of Product Marketing & Content Marketing Remote US Full time,https://jobs.ashbyhq.com/montecarlodata/b66c0609-c7aa-4565-9b34-f85e8cc8d3c3,Remote,2025-10-16,44,Product,Director+,,Data Observability,Other,[],,[],3.0,1.0
Monte Carlo,Partner Manager EMEA Sales London Full time,https://jobs.ashbyhq.com/montecarlodata/e2518a70-55ae-4b68-bd84-44bce6e16c8c,Remote,2025-11-20,9,Sales,Manager,,Data Observability,Other,[],,[],1.8,0
Monte Carlo,Product Manager Data Operations Product Management Remote Americas Full time Remote $160K $180K,https://jobs.ashbyhq.com/montecarlodata/7772acf9-a9cb-473d-8b79-11b6776a6565,Offers Equity,2025-10-22,38,Data/Analytics,Manager,,Data Observability,Other,[],,[],1.8,0
Monte Carlo,Senior Analyst Relations Manager Marketing San Francisco; New York Full time,https://jobs.ashbyhq.com/montecarlodata/7721c4d1-40ed-43c1-ac71-0590b1e99d68,Remote,2025-11-24,5,Marketing,Senior,,Data Observability,Other,[],,[],2.1,1.0
Monte Carlo,Senior Product Marketing Manager Product Marketing San Francisco; Atlanta; Seattle; Boston Full time,https://jobs.ashbyhq.com/montecarlodata/5cac7437-4022-4616-b710-25f2d05f01e6,Remote,2025-11-04,25,Product,Senior,,Data Observability,Other,[],,[],2.1,1.0
Monte Carlo,Senior Solutions Architect Post-Sales (West Coast) Solutions Architects San Francisco; Seattle; Portland Full time Remote $140K $180K Offers Equity,https://jobs.ashbyhq.com/montecarlodata/706e490e-a465-438a-8cdc-c490a12f8c4e,Offers Commission,2025-08-13,108,Sales,Senior,,Data Observability,Other,[],,[],2.1,1.0
Monte Carlo,Strategic Sales Engineer East US Field Engineering Boston; New York Full time Remote $120K $168K Offers Equity,https://jobs.ashbyhq.com/montecarlodata/c00e4520-2ffc-47a1-8548-f8d8859a36d1,Offers Commission,2025-05-20,193,Engineering,Unknown,,Data Observability,Other,[],,[],0.3,0
Monte Carlo,Strategic Sales Engineer West Field Engineering San Francisco; Seattle; Portland Full time Remote $120K $168K Offers Equity,https://jobs.ashbyhq.com/montecarlodata/6c437531-0259-41f3-b4e1-c92cce529cca,Offers Commission,2025-09-11,79,Engineering,Unknown,,Data Observability,Other,[],,[],0.3,0
Monte Carlo,Technical Account Manager EMEA Field Engineering London Full time,https://jobs.ashbyhq.com/montecarlodata/e51770bc-6883-4662-8ae9-785bd87b8574,Remote,2025-10-15,45,Engineering,Manager,,Data Observability,Other,[],,[],1.8,0
Monte Carlo,Technical Account Manager Field Engineering San Francisco; Seattle; Remote Americas; Boston; New York Full time,https://jobs.ashbyhq.com/montecarlodata/3f8074a7-3b4c-4659-ae2d-aea43604e124,Remote,2025-10-15,45,Engineering,Manager,,Data Observability,Other,[],,[],1.8,0
Precisely,Data Integrity Suite Developer Portal,https://developer.cloud.precisely.com/,,,,Engineering,Unknown,,Other,Other,[],,[],0.3,0
Qlik,Enterprise Resource Planning (ERP) Architect Ottawa ON,http://careerhub.qlik.com/careers/job/1133910302799,CA Remote Posted 10 days ago,1970-01-01,20421,Other,Unknown,,Other,Other,[],,[],0.3,0
Qlik,Senior QA Automation Engineer S√£o Paulo SP,http://careerhub.qlik.com/careers/job/1133910118996,BR Hybrid Posted 9 days ago,1970-01-01,20421,Engineering,Senior,,Other,Other,[],,[],2.1,1.0
Salesforce,Agentforce Forward Deployed Engineer,https://careers.salesforce.com/en/jobs/jr305745/agentforce-forward-deployed-engineer-salesforce-exp-mandatory/,"Hyderabad, Telangana, India",2025-11-27,2,Engineering,Unknown,,Other,Other,[],,[],6.3,0
Salesforce,Forward Deployed Engineer Senior,https://careers.salesforce.com/en/jobs/jr317063/forward-deployed-engineer-senior/,"Madrid, Madrid, Spain",2025-11-27,2,Engineering,Senior,,Other,ML/AI infra,"[""ML/AI infra""]",,[],2.1,1.0
Salesforce,Full-Stack Software Engineer SMTS/ LMTS,https://careers.salesforce.com/en/jobs/jr282354/full-stack-software-engineer-smts-lmts-hyderabad/,"Hyderabad, Telangana, India",2025-11-27,2,Engineering,Unknown,,Other,Other,[],,[],6.3,0
Salesforce,Senior Manager Software Engineering,https://careers.salesforce.com/en/jobs/jr304657/senior-manager-software-engineering-observability/,"Bangalore, Karnataka, India",2025-11-27,2,Engineering,Senior,,Other,Other,[],,[],8.1,1.0
Salesforce,Technical Engineer,https://careers.salesforce.com/en/jobs/jr320216/technical-support-engineer-spanish-speaking/,"Dublin, Dublin, Ireland",2025-11-27,2,Engineering,Unknown,,Other,Other,[],,[],0.3,0
Salesforce,Technical Engineer,https://careers.salesforce.com/en/jobs/jr320214/technical-support-engineer-italian-speaking/,"Dublin, Dublin, Ireland",2025-11-27,2,Engineering,Unknown,,Other,Other,[],,[],0.3,0
Salesforce,Technical Engineer,https://careers.salesforce.com/en/jobs/jr320215/technical-support-engineer-french-speaking/,"Dublin, Dublin, Ireland",2025-11-27,2,Engineering,Unknown,,Other,Other,[],,[],0.3,0
Salesforce,Technical Engineer,https://careers.salesforce.com/en/jobs/jr320213/technical-support-engineer-spanish-speaking/,"Dublin, Dublin, Ireland",2025-11-27,2,Engineering,Unknown,,Other,Other,[],,[],0.3,0
Salesforce,Technical Engineer,https://careers.salesforce.com/en/jobs/jr320212/technical-support-engineer-french-speaking/,"Dublin, Dublin, Ireland",2025-11-27,2,Engineering,Unknown,,Other,Other,[],,[],0.3,0
Sifflet,AI Product Manager ‚Äì Agentic Capabilities,https://www.welcometothejungle.com/en/companies/sifflet/jobs/ai-product-manager-agentic-capabilities_paris,last month,2025-10-01,59,Product,Manager,AI,Other,ML/AI infra,"[""ML/AI infra""]",AI,"[""AI""]",9.8,2
Sifflet,Applied ML/AI Engineer - Monitoring,https://www.welcometothejungle.com/en/companies/sifflet/jobs/applied-ml-ai-engineer-monitoring_paris,22 days ago,2025-11-07,22,Engineering,Unknown,,Other,Data Observability,"[""Data Observability"", ""ML/AI infra""]",,[],30.3,3.5
Snowflake,Senior Practice Manager,https://careers.snowflake.com/us/en/job/SNCOUSD17CEDDE179940568098CAA7375DD3BFEXTERNALENUSCF9D7F3D81194E479A4E0589E019C573/Senior-Practice-Manager-Financial-Services,"Location Remote, New York, United States",2025-11-25,4,Other,Senior,,Warehouse/Processing,Other,[],,[],8.1,1.0
Snowflake,Senior Practice Manager,https://jobs.ashbyhq.com/snowflake/cf9d7f3d-8119-4e47-9a4e-0589e019c573,"Remote, New York, United States",2025-07-14,138,Other,Senior,,Warehouse/Processing,Other,[],,[],8.1,1.0
Snowflake,Senior Product Marketing Manager,https://careers.snowflake.com/us/en/job/SNCOUSC19D63382F224DD389B4E0B083148735EXTERNALENUSA2927D5DD65A46998381737A36C486A3/Senior-Product-Marketing-Manager-Platform,Available in 3 locations,2025-11-29,0,Product,Senior,,Warehouse/Processing,ML/AI infra,"[""ML/AI infra""]",,[],2.1,1.0
Snowflake,Solution Engineer,https://careers.snowflake.com/us/en/job/SNCOUS5F8FA962905D47F3B7561898BD42B27CEXTERNALENUSDEE24F7610CF407CA2A9B943F84C109E/Solution-Engineer,"Location Remote, California, United States",2025-11-15,14,Engineering,Unknown,,Warehouse/Processing,Other,[],,[],6.3,0
Snowflake,Solution Engineer,https://jobs.ashbyhq.com/snowflake/dee24f76-10cf-407c-a2a9-b943f84c109e,"Remote, California, United States",2025-07-10,142,Engineering,Unknown,,Warehouse/Processing,Other,[],,[],6.3,0
Snowflake,Technical Account Manager,https://careers.snowflake.com/us/en/job/SNCOUSD09FA2A907DE408E906F06B0D5CF0762EXTERNALENUS304B99EE5D3B4C4FBE7247D438123911/Technical-Account-Manager-Japan,"Location Tokyo, Japan",2025-11-16,13,Other,Manager,,Warehouse/Processing,Other,[],,[],1.8,0
Snowflake,Technical Account Manager,https://jobs.ashbyhq.com/snowflake/304b99ee-5d3b-4c4f-be72-47d438123911,"Tokyo, Japan",2025-07-07,145,Other,Manager,,Warehouse/Processing,Other,[],,[],1.8,0
Syniti,Engineer I,https://careers.syniti.com/job/Remote-Engineer-I%2C-Software/1302707500/,Software,,,Engineering,Unknown,,Other,Other,[],,[],0.3,0
Syniti,Lead Engineer,https://careers.syniti.com/job/Remote-Lead-Engineer%2C-Client-Success/1344170200/,Client Success,,,Engineering,Senior,,Other,Other,[],,[],2.1,1.0
Syniti,Manager,https://careers.syniti.com/job/Remote-Manager%2C-Network-Information-Security/1318079800/,Network Information Security,,,Other,Manager,,Other,Other,[],,[],1.8,0
Syniti,Manager I,https://careers.syniti.com/job/Remote-Manager-I%2C-Software-Engineering/1319146900/,Software Engineering,,,Other,Manager,,Other,Other,[],,[],1.8,0
Syniti,Principal Engineer,https://careers.syniti.com/job/Remote-Principal-Engineer%2C-Infrastructure/1319018100/,Infrastructure,,,Engineering,Principal/Staff,,Other,Platform / Infra,"[""Platform / Infra""]",,[],2.7,1.0
Syniti,Principal Engineer,https://careers.syniti.com/job/Remote-Principal-Engineer%2C-Infrastructure/1318080500/,Infrastructure,,,Engineering,Principal/Staff,,Other,Platform / Infra,"[""Platform / Infra""]",,[],2.7,1.0
Syniti,Principal SRE,https://careers.syniti.com/job/Remote-Principal-SRE/1319018600/,,,,Engineering,Principal/Staff,,Other,Platform / Infra,"[""Platform / Infra""]",,[],2.7,1.0
Syniti,Principal SRE,https://careers.syniti.com/job/Remote-Principal-SRE/1318507600/,,,,Engineering,Principal/Staff,,Other,Platform / Infra,"[""Platform / Infra""]",,[],2.7,1.0
Syniti,QA Automation Engineer,https://careers.syniti.com/job/Hyderabad-QA-Automation-Engineer/1319146000/,,,,Engineering,Unknown,,Other,Other,[],,[],0.3,0
Syniti,Senior Manager,https://careers.syniti.com/job/Remote-Senior-Manager%2C-Site-Reliability-Engineering/1318182400/,Site Reliability Engineering,,,Other,Senior,,Other,Other,[],,[],2.1,1.0
Syniti,Solution Architect,https://careers.syniti.com/job/Remote-Solution-Architect-MDG/1226454700/,MDG,,,Other,Unknown,,Other,Other,[],,[],0.3,0
Syniti,Sr. Engineer,https://careers.syniti.com/job/Remote-Sr_-Engineer%2C-Software-Remo/1303879900/,Software,,,Engineering,Senior,,Other,Other,[],,[],2.1,1.0
Syniti,Sr. Engineer,https://careers.syniti.com/job/Remote-Sr_-Engineer%2C-Site-Reliability/1318080200/,Site Reliability,,,Engineering,Senior,,Other,Other,[],,[],2.1,1.0
Syniti,Sr. Engineer,https://careers.syniti.com/job/Remote-Sr_-Engineer%2C-Cloud-Operations-Infrastructure/1318080300/,Cloud Operations Infrastructure,,,Engineering,Senior,,Other,Platform / Infra,"[""Platform / Infra""]",,[],2.1,1.0
Syniti,Sr. Engineer,https://careers.syniti.com/job/Remote-Sr_-Engineer%2C-DevOps/1318081200/,DevOps,,,Engineering,Senior,,Other,Other,[],,[],2.1,1.0
Syniti,Sr. Engineer,https://careers.syniti.com/job/Remote-Sr_-Engineer%2C-Site-Reliability-NB/1318079900/,Site Reliability,,,Engineering,Senior,,Other,Other,[],,[],2.1,1.0
Syniti,Sr. Manager,https://careers.syniti.com/job/Remote-Sr_-Manager%2C-SRE/1318081400/,SRE,,,Other,Senior,,Other,Platform / Infra,"[""Platform / Infra""]",,[],2.1,1.0
Syniti,Sr. Manager Engineering,https://careers.syniti.com/job/Remote-Sr_-Manager-Engineering/1327456400/,,,,Engineering,Senior,,Other,Other,[],,[],2.1,1.0
Teradata,Customer Renewal Manager,https://careers.teradata.com/jobs/219588/customer-renewal-manager-crm?j_idx=0,"Pune, Maharashtra, India",2025-11-27,2,Other,Manager,,Warehouse/Processing,Other,[],,[],7.8,0
Teradata,Distinguished Engineer Database Engineering,https://careers.teradata.com/jobs/219615/distinguished-engineer-database-engineering?j_idx=3,"San Diego, California, United States",2025-11-25,4,Engineering,Principal/Staff,,Warehouse/Processing,Other,[],,[],8.7,1.0
Teradata,Senior Cloud DevOps Engineer,https://careers.teradata.com/jobs/219009/senior-cloud-devops-engineer?j_idx=5,"Hyderabad, Telangana, India",2025-11-25,4,Engineering,Senior,,Warehouse/Processing,Other,[],,[],8.1,1.0
Teradata,Software Engineer,https://careers.teradata.com/jobs/219571/software-engineer?j_idx=6,"Hyderabad, Telangana, India",2025-11-24,5,Engineering,Unknown,,Warehouse/Processing,Other,[],,[],6.3,0
Teradata,Sr. Software Engineer,https://careers.teradata.com/jobs/219607/sr-software-engineer?j_idx=2,"Hyderabad, Telangana, India",2025-11-25,4,Engineering,Senior,,Warehouse/Processing,Other,[],,[],8.1,1.0
Vertica,Senior Software Engineer Java,https://careers.opentext.com/us/en/job/46746/Senior-Software-Engineer-Java,"Location: Cluj-Napoca, ROU, 400604",2025-11-27,2,Engineering,Senior,JAVA,Warehouse/Processing,Other,[],JAVA,"[""JAVA""]",2.1,1.0
