Company,Job Title,Job Link,Location,Posting Date
Alation,Alation Agentic Data Intelligence Platform Scale and accelerate the delivery of AI and data initiatives. Build trusted AI and applications with trusted data. Learn more,https://www.alation.com/product/agentic-data-intelligence-platform/,,
Alation,Data Quality Agent,https://www.alation.com/product/data-quality-agent/,,
Alation,Data Products Builder Agent,https://www.alation.com/product/data-products-builder-agent/,,
Alation,Data Catalog,https://www.alation.com/product/data-catalog/,,
Alation,Data Governance,https://www.alation.com/product/data-governance/,,
Alation,Data Products Marketplace,https://www.alation.com/product/data-products-marketplace/,,
Alation,Chat with Your Data,https://www.alation.com/product/alation-chat-with-your-data/,,
Alation,Data Lineage,https://www.alation.com/product/data-lineage/,,
Alation,Open Data Quality Framework,https://www.alation.com/product/data-quality/,,
Alation,Active Data Governance,https://www.alation.com/solutions/data-governance/,,
Alation,Data Modernization,https://www.alation.com/solutions/cloud-data-migration/,,
Alation,Data Culture Maturity Model,https://www.alation.com/data-culture-maturity-model/,,
Alation,Data Radicals Podcast,https://www.alation.com/podcast/,,
Alation,Developer Documentation,https://www.alation.com/docs/en/latest/,,
Alation,Data Intelligence Project,https://www.alation.com/data-intelligence-project/,,
Alation,Article Alation and Salesforce partner on data governance for Data Cloud,https://www.cio.com/article/3532160/alation-and-salesforce-partner-on-data-governance-for-data-cloud.html,,2024-09-19
Alation,Article Why building a strong data culture is key to AI strategy,https://fortune.com/2024/07/31/strong-data-culture-key-ai/,,
Alation,Commercial Counsel USA-CA-REDWOOD CITY â€¢ Hybrid,https://alation.wd503.myworkdayjobs.com/ExternalSite/job/USA-CA-REDWOOD-CITY/Commercial-Counsel_R10000585,,
Alation,Customer Solution Knowledge Manager IND-CHENNAI â€¢ Hybrid,https://alation.wd503.myworkdayjobs.com/ExternalSite/job/IND-CHENNAI/Customer-Solution-Knowledge-Manager_R10000531,,
Alation,Customer Success Advisor USA-NC-RALEIGH â€¢ Remote,https://alation.wd503.myworkdayjobs.com/ExternalSite/job/USA-NC-RALEIGH/Customer-Success-Advisor_R10000555,,
Alation,Cybersecurity Engineer IND-CHENNAI â€¢ Hybrid,https://alation.wd503.myworkdayjobs.com/ExternalSite/job/IND-CHENNAI/Cybersecurity-Engineer_R10000506,,
Alation,"Director, Growth Marketing USA-CA-REDWOOD CITY â€¢ Hybrid",https://alation.wd503.myworkdayjobs.com/ExternalSite/job/USA-CA-REDWOOD-CITY/Director--Growth-Marketing_R10000537,,
Alation,Enterprise Account Executive AUS-SYDNEY â€¢ Remote,https://alation.wd503.myworkdayjobs.com/ExternalSite/job/AUS-SYDNEY/Staff-Account-Executive_R10000510,,
Alation,Enterprise Account Executive GBR-LONDON â€¢ Remote,https://alation.wd503.myworkdayjobs.com/ExternalSite/job/GBR-LONDON/Enterprise-Account-Executive_R10000596,,
Alation,Enterprise Account Executive USA-NY-NEW YORK â€¢ Remote,https://alation.wd503.myworkdayjobs.com/ExternalSite/job/USA-NY-NEW-YORK/Enterprise-Account-Executive_R10000413,,
Alation,Enterprise Account Executive - Midwest USA-REMOTE â€¢ Remote,https://alation.wd503.myworkdayjobs.com/ExternalSite/job/USA-REMOTE/Enterprise-Account-Executive--Northcentral-_R10000590,,
Alation,Enterprise Account Executive - SouthCentral USA-REMOTE â€¢ Remote,https://alation.wd503.myworkdayjobs.com/ExternalSite/job/USA-REMOTE/Enterprise-Account-Executive---SouthCentral_R10000591,,
Alation,Enterprise Account Executive - West USA-REMOTE â€¢ Remote,https://alation.wd503.myworkdayjobs.com/ExternalSite/job/USA-REMOTE/Enterprise-Account-Executive---West_R10000593,,
Alation,FDE Software Engineer III IND-CHENNAI â€¢ Hybrid,https://alation.wd503.myworkdayjobs.com/ExternalSite/job/IND-CHENNAI/Staff-Forward-Deployed-Software-Engineer_R10000481,,
Alation,"Financial Analyst III, GTM FP&A USA-CA-REDWOOD CITY â€¢ Hybrid",https://alation.wd503.myworkdayjobs.com/ExternalSite/job/USA-CA-REDWOOD-CITY/Financial-Analyst-III--GTM-FP-A_R10000564,,
Alation,Lead Product Designer GBR-LONDON â€¢ Hybrid,https://alation.wd503.myworkdayjobs.com/ExternalSite/job/GBR-LONDON/Senior-Product-Designer_R10000508,,
Alation,Revenue Operations Specialist CHL-CHILE â€¢ Hybrid,https://alation.wd503.myworkdayjobs.com/ExternalSite/job/CHL-CHILE/Revenue-Operations-Specialist_R10000576,,
Alation,Senior Customer Experience Operations Specialist IND-CHENNAI â€¢ Hybrid,https://alation.wd503.myworkdayjobs.com/ExternalSite/job/IND-CHENNAI/Senior-Customer-Experience-Operations-Manager_R10000533,,
Alation,Senior Human Resources Business Partner IND-CHENNAI â€¢ Hybrid,https://alation.wd503.myworkdayjobs.com/ExternalSite/job/IND-CHENNAI/Senior-Human-Resources-Business-Partner_R10000554,,
Alation,Senior Human Resources Business Partner USA-CA-REDWOOD CITY â€¢ Hybrid,https://alation.wd503.myworkdayjobs.com/ExternalSite/job/USA-CA-REDWOOD-CITY/Senior-Human-Resources-Business-Partner_R10000569,,
Alation,Senior Product Manager IND-CHENNAI â€¢ Hybrid,https://alation.wd503.myworkdayjobs.com/ExternalSite/job/IND-CHENNAI/Product-Manager_R10000431,,
Alation,Senior Product Manager II USA-CA-REDWOOD CITY â€¢ Hybrid,https://alation.wd503.myworkdayjobs.com/ExternalSite/job/USA-CA-REDWOOD-CITY/Senior-Product-Manager-II_R10000566,,
Alation,Senior Tax Manager USA-CA-REDWOOD CITY â€¢ Hybrid,https://alation.wd503.myworkdayjobs.com/ExternalSite/job/USA-CA-REDWOOD-CITY/Senior-Tax-Manager_R10000541,,
Alation,Senior Technical Support Engineer IND-CHENNAI â€¢ Hybrid,https://alation.wd503.myworkdayjobs.com/ExternalSite/job/IND-CHENNAI/Staff-Technical-Support-Engineer_R10000515,,
Alation,Software Engineer III- Full Stack IND-CHENNAI â€¢ Hybrid,https://alation.wd503.myworkdayjobs.com/ExternalSite/job/IND-CHENNAI/Software-Engineer_R10000523,,
Alation,"Sr. Director, Product Marketing USA-CA-REDWOOD CITY â€¢ Hybrid",https://alation.wd503.myworkdayjobs.com/ExternalSite/job/USA-CA-REDWOOD-CITY/Sr-Director--Product-Marketing_R10000546,,
Alation,Staff Professional Services Consultant AUS-SYDNEY â€¢ Remote,https://alation.wd503.myworkdayjobs.com/ExternalSite/job/AUS-SYDNEY/Professional-Services-Consultant_R10000425,,
Alation,Support Lab DevOps Engineer CHL-CHILE â€¢ Remote,https://alation.wd503.myworkdayjobs.com/ExternalSite/job/CHL-CHILE/Support-Lab-DevOps-Engineer_R10000562,,
Alation,Technical Support Engineer CHL-CHILE â€¢ Remote,https://alation.wd503.myworkdayjobs.com/ExternalSite/job/CHL-CHILE/Technical-Support-Engineer_R10000423,,
Alation,UX/UI Web Designer CHL-CHILE â€¢ Remote,https://alation.wd503.myworkdayjobs.com/ExternalSite/job/CHL-CHILE/UX-UI-Web-Designer_R10000544,,
Alation,Workday System Analyst IND-CHENNAI â€¢ Hybrid,https://alation.wd503.myworkdayjobs.com/ExternalSite/job/IND-CHENNAI/Workday-System-Analyst_R10000526,,
Ataccama,Product Design Intern,https://jobs.ataccama.com/e255c247-c450-453f-b27d-9eda71f94f6f/prague/product-design/,,
Ataccama,Content Designer/Technical Writer Intern,https://jobs.ataccama.com/4694266e-803f-4784-b80d-144623dc54b9/prague/core/,,
Ataccama,Product Manager Intern,https://jobs.ataccama.com/416921d8-636f-4c11-aa9c-c58bc253e69e/prague/product-design/,,
Ataccama,Senior Backend Engineer (Data Lineage),https://jobs.ataccama.com/84d241b5-7553-4d87-b535-108029701beb/bratislava/data-catalog/,,
Atlan,Data Discovery & Catalog,https://atlan.com/data-discovery-catalog/,,
Atlan,Data Products,https://atlan.com/data-products-marketplace/,,
Atlan,Data Governance,https://atlan.com/active-data-governance/,,
Atlan,Data Quality,https://atlan.com/data-quality-studio/,,
Atlan,Data Asset 360Ã‚Â°,https://atlan.com/data-asset-360/,,
Atlan,Data Glossary,https://atlan.com/data-glossary/,,
Atlan,Product Tour,https://atlan.com/demo/,,
Atlan,What is a data catalog?,https://atlan.com/what-is-a-data-catalog/,,
Atlan,What is data governance?,https://atlan.com/what-is-data-governance/,,
Atlan,What is a data dictionary?,https://atlan.com/what-is-a-data-dictionary/,,
Atlan,What is a data mesh?,https://atlan.com/what-is-data-mesh/,,
Atlan,Data Processing Agreement,https://atln.cm/ldpa,,2025-04-22
Anomalo,"ðŸŽ‰Introducing AIDA, Anomaloâ€™s Intelligent Data Analyst",https://www.anomalo.com/aida/,,
Anomalo,Product,https://www.anomalo.com/careers,,
Anomalo,Case Studies Learn how our enterprise customers are achieving data quality and governance.,https://www.anomalo.com/case-studies/,,
Anomalo,Product Overview,https://www.anomalo.com/product-overview/,,
Anomalo,Anomaly Detection Easily identify abnormal patterns or deviations in your data,https://www.anomalo.com/anomaly-detection-software/,,
Anomalo,"Data Validation Verify that your data is always accurate, complete, and consistent",https://www.anomalo.com/data-validation-tools/,,
Anomalo,"Data Governance Ensure data integrity, compliance, and security every step of the way",https://www.anomalo.com/data-governance-tools/,,
Anomalo,"Data Observability Cost-effective monitoring in minutes, no matter the scale of your data",https://www.anomalo.com/data-observability-tools/,,
Anomalo,Automated Data Lineage Tools View data quality in the context of how data flows from source to destination,https://www.anomalo.com/automated-data-lineage-tools/,,
Anomalo,Unstructured Data Monitoring AI-ready quality and insights for every document in your enterprise,https://www.anomalo.com/product-overview/unstructured-data-monitoring/,,
Anomalo,Senior Business Development Manager Remote (United States) Business Development Read More,https://boards.greenhouse.io/embed/job_app,,
Anomalo,Data Processing Addendum,https://www.anomalo.com/legal/dpa/,,2025-10-29
BigEye,Data Monitoring Monitor your critical data products,https://www.bigeye.com/product/data-monitoring,,
BigEye,Anomaly Detection Know when data needs your attention,https://www.bigeye.com/product/anomaly-detection,,
BigEye,Data Lineage Automate root cause and impact analysis,https://www.bigeye.com/product/data-lineage,,
BigEye,bigAI: AI-driven Data Observability Intelligence to help resolve and prevent issues,https://www.bigeye.com/product/ai-driven-data-quality,,
BigEye,AI Trust Platform The first platform for governing AI data usage,https://www.bigeye.com/ai-trust-platform,,
BigEye,Migration comparison Monitor data migration and replication,https://www.bigeye.com/careers,,
BigEye,Developer tools,https://www.bigeye.com/product/dev-tools,,
BigEye,Register for our live monthly product demo webinar,https://www.bigeye.com/bigeye-live-product-demo,,
BigEye,Data Engineer,https://www.bigeye.com/solutions/data-engineer,,
BigEye,Data Governance,https://www.bigeye.com/solutions/data-governance,,
BigEye,Data Architect,https://www.bigeye.com/solutions/data-architect,,
BigEye,Data Leader,https://www.bigeye.com/solutions/data-leader,,
BigEye,Data Analyst,https://www.bigeye.com/solutions/data-analyst,,
BigEye,Data Executive,https://www.bigeye.com/solutions/data-executive,,
BigEye,Download our Data Observability Guide,https://www.bigeye.com/2024-data-observability-guide,,
Boomi,Integration & Automation Connect your applications and data,https://boomi.com/platform/integration/,,
Boomi,B2B/EDI Management Automate business data exchange,https://boomi.com/platform/b2b-management,,
Boomi,Data Management Integrate and govern data at scale,https://boomi.com/platform/data-management/,,
Boomi,Data Hub Establish a foundation for trusted data,https://boomi.com/platform/datahub/,,
Boomi,Data Integration Build automated ELT data pipelines,https://boomi.com/platform/boomi-data-integration/,,
Boomi,API Management Lead agentic transformation with total API control,https://boomi.com/platform/api-management/,,
Boomi,API Products Transform APIs into revenue generators,https://boomi.com/platform/api-products/,,
Boomi,Boomi AI Lead agentic transformation,https://boomi.com/platform/ai/,,
Boomi,Financial Services Secure and streamline financial data exchange,https://boomi.com/solutions/industries/financial-services/,,
Boomi,Marketing Integrate tools for campaign effectiveness,https://boomi.com/solutions/function/marketing/,,
Boomi,Sales Connect systems for improved conversions,https://boomi.com/solutions/function/sales/,,
Boomi,Analytics Combine data sources for business insights,https://boomi.com/solutions/function/analytics/,,
Boomi,Customer 360 Create unified customer data views,https://boomi.com/solutions/initiatives/customer-360/,,
Boomi,Help Docs Find detailed product guides and technical references,https://help.boomi.com/,,
Boomi,Product Updates Stay current with the latest platform enhancements,https://boomi.com/product-updates/,,
Boomi,"Developer Docs Explore Boomiâ€™s APIs, SDKs, and technical integration guides",https://developer.boomi.com/,,
Boomi,"Analyst Report Forrester | The Total Economic Impactâ„¢ Of The Boomi Enterprise Platform Find out how the Boomi Enterprise Platform helps organizations simplify and save, reduce risk, and thrive in the AI era.",https://boomi.com/resources/resources-library/global-forrester-tei-study/,,
Boomi,"Analyst Report Boomi Named a Leader in 2025 GartnerÂ® Magic Quadrantâ„¢ for iPaaS Read the Gartner Magic Quadrant for Enterprise Integration Platform as a Service (iPaaS), Worldwide, courtesy of Boomi.",https://boomi.com/resources/resources-library/gartner-magic-quadrant-ipaas-2024-boomi/,,2025-05-19
Boomi,"Analyst Report Boomi Named Exemplary in Data Integration & Master Data Management | ISG Buyers Guides According to the ISG Buyers Guidesâ„¢ for Data Integration and Master Data Management 2025, Boomi is an Exemplary Vendor in Data Integration and Master Data Management â€” earning multiple Leader rankings across product capability, customer experience, and ROI delivery.",https://boomi.com/resources/resources-library/isg-buyers-guides-data-integration-mdm/,,
Boomi,Analyst Report Boomi Named a Leader in 2025 GartnerÂ® Magic Quadrantâ„¢ for API Management GartnerÂ® positioned Boomi as a Leader in the Magic Quadrantâ„¢ for API Management published in October 2025.,https://boomi.com/resources/resources-library/gartner-magic-quadrant-apim/,,2025-10-07
Boomi,Analyst Report Nucleus Research iPaaS Technology Value Matrix 2025 Boomi was named a leader in the 2025 Nucleus Research iPaaS Technology Value Matrix. Get your free copy of the report here.,https://boomi.com/resources/resources-library/nucleus-ipaas-technology-value-matrix/,,
Boomi,"Analyst Report Boomi Named a Leader in the 2025 Forrester Waveâ„¢ for iPaaS Find out why Boomi is positioned as a Leader in The Forrester Wave: Integration Platform As A Service, Q3 2025.",https://boomi.com/resources/resources-library/boomi-named-a-leader-in-the-2025-forrester-wave-for-ipaas/,,
Boomi,eBook Capitalize on API-Led Innovations to Grow Revenue and Customer Loyalty An ebook from Boomi and OSI Digital delves into ways API management can help service-oriented companies open new revenue streams and trim internal costs.,https://boomi.com/resources/resources-library/api-led-innovations-osi/,,
CastorDoc (Coalesce),Data + AI World Tour Databricks Tour,https://coalesce.io/events/databricks-data-ai-world-tour/,,
CastorDoc (Coalesce),Product,https://coalesce.io/careers/,,2025-06-17
CastorDoc (Coalesce),Data Delivery &Â Scalability Scale data projects faster with confidence,https://coalesce.io/product/transform/,,2025-06-03
CastorDoc (Coalesce),"Data Discovery &Â Adoption Find, understand, and adopt data with AI",https://coalesce.io/ai-data-catalog/,,2025-03-13
CastorDoc (Coalesce),Data Modernization &Â Migration Retire legacy systems and move to cloud,https://coalesce.io/solutions/cloud-data-migration-modernization/,,2025-11-07
CastorDoc (Coalesce),AI-Ready Data Foundation Standardize and deliver AI-ready data,https://coalesce.io/solutions/ai-data-management/,,2023-08-02
CastorDoc (Coalesce),"Data Quality &Â Governance Automated testing, lineage, and compliance",https://coalesce.io/solutions/data-quality-trust-governance/,,
CastorDoc (Coalesce),"View All Including Data Vault, SAP, Iceberg, Cortex, and more",https://coalesce.io/solutions/,,
CastorDoc (Coalesce),Explore Open Roles,https://jobs.ashbyhq.com/coalesce,,
CastorDoc (Coalesce),Why Iâ€™m Joining Coalesce to Help Shape the Future of Data in APJ,https://coalesce.io/company-news/joining-coalesce-shape-future-of-data-apj/,,2025-06-17
CastorDoc (Coalesce),Product,https://coalesce.io/product/,,2025-01-10
CastorDoc (Coalesce),Data Modeling,https://coalesce.io/solutions/data-modeling/,,2025-06-03
CastorDoc (Coalesce),Data Mesh,https://coalesce.io/coalesce-for-data-mesh/,,2024-09-10
CastorDoc (Coalesce),Data Vault,https://coalesce.io/coalesce-for-data-vault/,,2025-04-07
Cloudera,Open data lakehouse,https://www.cloudera.com/products/open-data-lakehouse.html,,
Cloudera,Scalable data mesh,https://www.cloudera.com/products/scalable-data-mesh.html,,
Cloudera,Unified data fabric,https://www.cloudera.com/products/unified-data-fabric.html,,
Cloudera,Octopai Data Lineage,https://www.cloudera.com/products/unified-data-fabric/data-lineage.html,,
Cloudera,Data Engineering,https://www.cloudera.com/products/data-engineering.html,,
Cloudera,Data Flow,https://www.cloudera.com/products/dataflow.html,,2025-06-13
Cloudera,Data Hub,https://www.cloudera.com/products/data-hub.html,,
Cloudera,Data Warehouse,https://www.cloudera.com/products/data-warehouse.html,,
Cloudera,Product downloads,https://www.cloudera.com/downloads.html,,
Cloudera,Search jobs,https://cloudera.wd5.myworkdayjobs.com/External_Career,,
Cloudera,https://www.cloudera.com/careers.html,https://www.cloudera.com/careers.html,,
Cloudera,Learn more,https://www.cloudera.com/careers/clouderalife.html,,
Cloudera,Privacy Statement and Data Policy,https://www.cloudera.com/legal/policies.html,,2022-03-08
Collibra,Learn more about our benefits,https://www.collibra.com/company/careers/benefits,,
Collibra,"Prague, Czech Republic",https://www.collibra.com/company/careers/jobs/6803687,,
Collibra,"Raleigh, North Carolina, USA",https://www.collibra.com/company/careers/jobs/7259541,,
Collibra,"Paris, France",https://www.collibra.com/company/careers/jobs/7357971,,
Collibra,"Remote, Central USA",https://www.collibra.com/company/careers/jobs/7357959,,
Collibra,"Raleigh, North Carolina, USA",https://www.collibra.com/company/careers/jobs/7357975,,
Collibra,"Brussels, Belgium",https://www.collibra.com/company/careers/jobs/7357981,,
Collibra,"London, United Kingdom",https://www.collibra.com/company/careers/jobs/7356571,,
Collibra,"Remote, Sweden",https://www.collibra.com/company/careers/jobs/7357979,,
Collibra,"Remote, Singapore",https://www.collibra.com/company/careers/jobs/7357969,,
Collibra,"Remote, Germany",https://www.collibra.com/company/careers/jobs/7259539,,
Collibra,"Brussels, Belgium",https://www.collibra.com/company/careers/jobs/7357967,,
Collibra,"Remote, Germany",https://www.collibra.com/company/careers/jobs/7274022,,
Collibra,"Raleigh, North Carolina, USA",https://www.collibra.com/company/careers/jobs/7188930,,
Collibra,"Remote, USA",https://www.collibra.com/company/careers/jobs/7357961,,
Collibra,"Raleigh, North Carolina, USA",https://www.collibra.com/company/careers/jobs/7372568,,
Collibra,"New York, New York, USA",https://www.collibra.com/company/careers/jobs/7372579,,
Collibra,"Brussels, Belgium",https://www.collibra.com/company/careers/jobs/6403161,,
Collibra,"New York, New York, USA",https://www.collibra.com/company/careers/jobs/7372577,,
Collibra,"Prague, Czech Republic",https://www.collibra.com/company/careers/jobs/7311370,,
Collibra,"Prague, Czech Republic",https://www.collibra.com/company/careers/jobs/7062378,,
Collibra,"Prague, Czech Republic",https://www.collibra.com/company/careers/jobs/7118232,,
Collibra,"Prague, Czech Republic",https://www.collibra.com/company/careers/jobs/7354137,,
Collibra,"Prague, Czech Republic",https://www.collibra.com/company/careers/jobs/7248310,,
Collibra,"Remote, East Coast USA",https://www.collibra.com/company/careers/jobs/6403276,,
Collibra,"Remote, Northeast USA",https://www.collibra.com/company/careers/jobs/6411070,,
Collibra,"Remote, Central USA",https://www.collibra.com/company/careers/jobs/6411033,,
Collibra,"Brussels, Belgium",https://www.collibra.com/company/careers/jobs/7357009,,
Collibra,"Brussels, Belgium",https://www.collibra.com/company/careers/jobs/6786785,,
Collibra,"Prague, Czech Republic",https://www.collibra.com/company/careers/jobs/7116442,,
Collibra,"Remote, Poland",https://www.collibra.com/company/careers/jobs/7173121,,
Collibra,"Prague, Czech Republic",https://www.collibra.com/company/careers/jobs/7335680,,
Collibra,"Prague, Czech Republic",https://www.collibra.com/company/careers/jobs/7026704,,
Collibra,"Raleigh, North Carolina, USA",https://www.collibra.com/company/careers/jobs/6832334,,
Collibra,"New York, New York, USA",https://www.collibra.com/company/careers/jobs/7376116,,
Collibra,"Raleigh, North Carolina, USA",https://www.collibra.com/company/careers/jobs/7231315,,
Collibra,"Prague, Czech Republic",https://www.collibra.com/company/careers/jobs/7014074,,
Collibra,"Raleigh, North Carolina, USA",https://www.collibra.com/company/careers/jobs/7308933,,
Collibra,"New York, New York, USA",https://www.collibra.com/company/careers/jobs/7308984,,
Collibra,"Raleigh, North Carolina, USA",https://www.collibra.com/company/careers/jobs/7297193,,
Collibra,"Remote, East Coast USA",https://www.collibra.com/company/careers/jobs/7036225,,
Collibra,"Raleigh, North Carolina, USA",https://www.collibra.com/company/careers/jobs/7026651,,
Collibra,"Brussels, Belgium",https://www.collibra.com/company/careers/jobs/7350634,,
Collibra,"Prague, Czech Republic",https://www.collibra.com/company/careers/jobs/7168533,,
Collibra,"Remote, USA",https://www.collibra.com/company/careers/jobs/7168558,,
Collibra,"Remote, Germany",https://www.collibra.com/company/careers/jobs/6791660,,
Collibra,"Remote, USA",https://www.collibra.com/company/careers/jobs/7340435,,
Collibra,"Remote, USA",https://www.collibra.com/company/careers/jobs/7349225,,
Collibra,"Sydney, Australia",https://www.collibra.com/company/careers/jobs/7338293,,
Collibra,"Paris, France",https://www.collibra.com/company/careers/jobs/7349181,,
Collibra,"Remote, Spain",https://www.collibra.com/company/careers/jobs/7349185,,
Collibra,"Remote, USA",https://www.collibra.com/company/careers/jobs/7349237,,
Collibra,"Remote, USA",https://www.collibra.com/company/careers/jobs/7324790,,
Collibra,"Remote, USA",https://www.collibra.com/company/careers/jobs/6803762,,
Collibra,"Remote, USA",https://www.collibra.com/company/careers/jobs/6803082,,
Collibra,"London, United Kingdom",https://www.collibra.com/company/careers/jobs/6791654,,
Collibra,"London, United Kingdom",https://www.collibra.com/company/careers/jobs/6798643,,
Collibra,"Remote, East Coast USA",https://www.collibra.com/company/careers/jobs/7287464,,
Collibra,"Raleigh, North Carolina, USA",https://www.collibra.com/company/careers/jobs/7248390,,
Collibra,"Raleigh, North Carolina, USA",https://www.collibra.com/company/careers/jobs/7195285,,
Collibra,"New York, New York, USA",https://www.collibra.com/company/careers/jobs/7273948,,
Collibra,"Brussels, Belgium",https://www.collibra.com/company/careers/jobs/6947095,,
Collibra,"Prague, Czech Republic",https://www.collibra.com/company/careers/jobs/7005299,,
Data.World (ServiceNow),Data Leaders,https://data.world/solutions/data-leaders/,,
Data.World (ServiceNow),Data Engineers,https://data.world/solutions/data-engineers/,,
Data.World (ServiceNow),Data Governance Professionals,https://data.world/product/data-governance/,,
Data.World (ServiceNow),Legal,https://data.world/legal/,,
Databricks,Data Partners Access the ecosystem of data consumers,https://databricks.com/company/partners/data-partner-program,,
Databricks,"Platform Overview A unified platform for data, analytics and AI",https://databricks.com/product/data-intelligence-platform,,
Databricks,"Data Management Data reliability, security and performance",https://databricks.com/product/delta-lake-on-databricks,,
Databricks,"Sharing An open, secure, zero-copy sharing for all data",https://databricks.com/product/delta-sharing,,
Databricks,Data Warehousing Serverless data warehouse for SQL analytics,https://databricks.com/product/databricks-sql,,
Databricks,"Governance Unified governance for all data, analytics and AI assets",https://databricks.com/product/unity-catalog,,
Databricks,Data Engineering ETL and orchestration for batch and streaming data,https://databricks.com/product/data-engineering,,
Databricks,Data Science Collaborative data science at scale,https://databricks.com/product/data-science,,
Databricks,Business Intelligence Intelligent analytics for real-world data,https://www.databricks.com/product/business-intelligence,,
Databricks,Application Development Quickly build secure data and AI apps,https://databricks.com/product/databricks-apps,,
Databricks,Database Postgres for data apps and AI agents,https://databricks.com/product/lakebase,,
Databricks,"Marketplace Open marketplace for data, analytics and AI",https://databricks.com/product/marketplace,,
Databricks,"Databricks Pricing Explore product pricing, DBUs and more",https://databricks.com/product/pricing,,
Databricks,Marketing,https://databricks.com/solutions/industries/marketing,,
Databricks,Data Migration,https://databricks.com/solutions/migration,,
Databricks,Free Edition Learn professional Data and AI tools for free,https://databricks.com/learn/free-edition,,
Databricks,Data + AI Summit,https://www.databricks.com/dataaisummit,,
Databricks,Data + AI World Tour,https://databricks.com/dataaisummit/worldtour,,2025-09-23
Databricks,Data Intelligence Days,https://databricks.com/lp/data-intelligence-days,,2025-03-25
Databricks,Data Brew Podcast Letâ€™s talk data!,https://databricks.com/discover/data-brew,,
Databricks,Champions of Data + AI Podcast Insights from data leaders powering innovation,https://databricks.com/discover/champions-of-data-and-ai,,
Databricks,Open Jobs,https://databricks.com/company/careers/open-positions,,
Databricks,Culture,https://databricks.com/company/careers/culture,,
Databricks,Benefits,https://databricks.com/company/careers/benefits,,
Databricks,Engineering,https://databricks.com/company/careers/engineering-at-databricks,,
Databricks,Go to Market,https://databricks.com/company/careers/go-to-market,,
Databricks,Interviewing With Us,https://databricks.com/company/careers/interview-prep,,
Databricks,Internships & Early Careers,https://databricks.com/company/careers/university-recruiting,,
Databricks,Recruitment Fraud,https://databricks.com/company/careers/recruitment-fraud,,
Databricks,Data + AI Summit,https://databricks.com/dataaisummit,,
Datadog,Marketing,https://www.datadoghq.com/marketing/,,
Datadog,Product Design,https://www.datadoghq.com/product-design/,,
Datadog,Product Management,https://www.datadoghq.com/product-management/,,
Datadog,Sales,https://www.datadoghq.com/sales/,,
Datadog,Data Streams Monitoring,https://www.datadoghq.com/product/data-streams-monitoring/,,
Datadog,Data Jobs Monitoring,https://www.datadoghq.com/product/data-jobs-monitoring/,,
Datadog,Sensitive Data Scanner,https://www.datadoghq.com/product/sensitive-data-scanner/,,
Datadog,Product Analytics,https://www.datadoghq.com/product/product-analytics/,,
Datadog,Internal Developer Portal,https://www.datadoghq.com/product/internal-developer-portal/,,
Datadog,Product Preview Program,https://www.datadoghq.com/product-preview/,,
Datadog,(no title),https://careers.datadoghq.com/,,
Datadog,Legal,https://www.datadoghq.com/legal/,,
DataGalaxy,Digital Marketing Manager (Agency Lead) - US based,https://www.welcometothejungle.com/en/companies/datagalaxy/jobs/digital-marketing-manager-agency-lead-us-based_lyon,,
DataGalaxy,Data Governance Consultant,https://www.welcometothejungle.com/en/companies/datagalaxy/jobs/data-governance-consultant_paris,,
DataGalaxy,Legal notice,https://www.welcometothejungle.com/en/pages/legal,,
Decube,Software Engineer,https://boards.briohr.com/bousteaduacmalaysia-4hu7jdne41/details/68f6e635d5d0e1000816bbfc,,
Decube,Frontend Engineer,https://boards.briohr.com/bousteaduacmalaysia-4hu7jdne41/details/68f6f902f3690e0007f31d2b,,
Decube,Senior Frontend Engineer,https://boards.briohr.com/bousteaduacmalaysia-4hu7jdne41/details/6912674beb784e0008d044ce,,
Decube,Senior Product Designer,https://boards.briohr.com/bousteaduacmalaysia-4hu7jdne41/details/690c03a3f4493b00080873d3,,
Exasol,Cookie Policy,https://careers.exasol.com/cookie-policy,,2023-11-24
Exasol,Jobs,https://careers.exasol.com/jobs,,
Exasol,People,https://careers.exasol.com/people,,
Exasol,Start,https://careers.exasol.com/,,
Exasol,Log in,https://careers.exasol.com/sso_login,,
Exasol,Log in to Connect,https://careers.exasol.com/connect/login,,
Exasol,Connect,https://careers.exasol.com/connect,,
Exasol,Gabriele MÃ¼ller Head of People & Culture,https://careers.exasol.com/en/people/2057445-gabriele-muller,,
Exasol,Johanna Schubert People Operations Partner,https://careers.exasol.com/en/people/2057431-johanna-schubert,,
Exasol,"Heather Moretz Senior Talent, People, & Culture Manager",https://careers.exasol.com/en/people/2019832-heather-moretz,,
Exasol,Eva Herkner Talent Acquisition & People Manager,https://careers.exasol.com/en/people/2016975-eva-herkner,,
Exasol,Chidubem Ogugua Talent Acquisition & People Working Student,https://careers.exasol.com/en/people/2019835-chidubem-ogugua,,
Exasol,Carina GoÃŸner People Operations Working Student,https://careers.exasol.com/en/people/2853487-carina-gossner,,
Exasol,Christine Bhosale Chief People and Culture Officer,https://careers.exasol.com/en/people/2019838-christine-bhosale,,
Exasol,Menna Youssef Talent Acquisition & People Manager,https://careers.exasol.com/en/people/2139440-menna-youssef,,
Exasol,"Senior Product Manager, Database Core (US-East Coast)",https://careers.exasol.com/jobs/6708985-senior-product-manager-database-core-us-east-coast,,
Exasol,"Senior Product Manager, Database Core - Chennai, India",https://careers.exasol.com/jobs/6708974-senior-product-manager-database-core-chennai-india,,
Exasol,"Senior Product Manager, Database Core (f/m/d)",https://careers.exasol.com/jobs/6675734-senior-product-manager-database-core-f-m-d,,
Exasol,Senior Software Engineer - Platform Team (f/m/d),https://careers.exasol.com/jobs/6653043-senior-software-engineer-platform-team-f-m-d,,
Exasol,"Senior Software Engineer (Connectors and Integration / Python) - Chennai, India",https://careers.exasol.com/jobs/6649277-senior-software-engineer-connectors-and-integration-python-chennai-india,,
Exasol,Data & privacy,https://careers.exasol.com/data-privacy,,
Firebolt,Product,https://www.firebolt.io/product,,
Firebolt,Elasticity Scalable infrastructure for next-gen cloud data warehouse,https://www.firebolt.io/elasticity,,
Firebolt,Data SECURITY Multi-layer protection,https://www.firebolt.io/data-security,,
Firebolt,IS FIREBOLT RIGHT FOR ME? Analyze your data use case,https://www.firebolt.io/resources/is-firebolt-right-for-me,,
Firebolt,integrations Simplify your data workflows seamlessly,https://www.firebolt.io/integrations,,
Firebolt,FAST INGESTION Streamlined data integration,https://www.firebolt.io/fast-ingestion,,
Firebolt,"Data Warehouse Comparison Guide How cloud data warehouses stack up in architecture, scalability and more.",https://www.firebolt.io/resources/cloud-data-warehouse-comparison,,
Firebolt,(no title),https://www.comeet.com/jobs/firebolt/26.004/data-engineer/3B.F18,,
Firebolt,Big data game,https://www.firebolt.io/big-data-game,,
Fivetran,"Security Rigorous, built-in security to move data with peace of mind",https://fivetran.com/security,,
Fivetran,"Governance Know, protect and scale your data with governed data movement",https://fivetran.com/governance,,
Fivetran,rETL Activate your data back into your data applications,https://fivetran.com/data-movement/retl,,
Fivetran,Hybrid Deployment Securely move all of your data without compromising performance,https://fivetran.com/data-movement/hybrid-deployment,,
Fivetran,Data lakes New,https://fivetran.com/data-movement/data-lakes,,
Fivetran,Data warehouses,https://fivetran.com/data-movement/data-warehouses,,
Fivetran,Data democratization Make data accessible without compromising on compliance,https://fivetran.com/use-case/operations/data-democratization,,
Fivetran,Embedded Effortlessly connect to your customersÃ¢Â€Â™ data,https://fivetran.com/use-case/operations/embedded,,
Fivetran,Data readiness for AI Power your AI innovation with reliable access to centralized and governed data,https://fivetran.com/use-case/operations/data-readiness-ai,,
Fivetran,Data developers,https://fivetran.com/developers,,
Fivetran,Interested in building your career at Fivetran ? Get future opportunities sent straight to your email.,https://my.greenhouse.io/users/sign_in,,
Fivetran,Legal,https://fivetran.com/legal,,
GoldenSource,Product Master Data,https://www.thegoldensource.com/edm/,,
GoldenSource,DATA ANALYTICS,https://www.thegoldensource.com/data-analytics/,,
GoldenSource,REFERENCE DATA,https://www.thegoldensource.com/reference-data/,,
GoldenSource,MARKET DATA,https://www.thegoldensource.com/market-data/,,
GoldenSource,Reference Data Mastering,https://www.thegoldensource.com/reference-data-mastering/,,
GoldenSource,"Valuations, IPV, Product Control",https://www.thegoldensource.com/valuations-ipv-product-control/,,
GoldenSource,Quant Research & Development Product,https://www.thegoldensource.com/quant-research-development/,,
GoldenSource,Governance / Product Approval,https://www.thegoldensource.com/product-governance-product-approval/,,
InfluxData,Find the Right Product,https://www.influxdata.com/get-influxdb/,,
InfluxData,Modern Data Historian,https://www.influxdata.com/historian-workloads/,,
InfluxData,Developer Resources,https://www.influxdata.com/_resources/,,2021-06-02
InfluxData,Telegraf Data Collection,https://www.influxdata.com/time-series-platform/telegraf/,,
InfluxData,Analyze IoT Sensor Data,https://www.influxdata.com/resources/how-to-analyze-iot-sensor-data-with-influxdb/,,2025-02-11
InfluxData,Follow New Openings on LinkedIn,https://www.linkedin.com/company/influxdb/jobs/,,
InfluxData,Data Lake / Warehouse,https://www.influxdata.com/glossary/data-warehouse/,,
InfluxData,Time Series Data,https://www.influxdata.com/what-is-time-series-data/,,
InfluxData,Product Integrations,https://www.influxdata.com/products/integrations/,,
InfluxData,Legal,https://www.influxdata.com/legal/,,
Informatica,PRODUCT ENGINEERING,https://informatica.gr8people.com/categories/9/job-categories/153/product-careers,,
Informatica,SALES,https://informatica.gr8people.com/categories/9/job-categories/56/sales-careers,,
Informatica,MARKETING,https://informatica.gr8people.com/categories/9/job-categories/152/marketing-careers,,
Informatica,LEGAL,https://informatica.gr8people.com/categories/9/job-categories/156/legal-careers,,
MariaDB,AI Agents Autonomous AI for intelligent database operations.,https://mariadb.com/products/cloud/,,
MariaDB,AI Build GenAI apps on your data with RAG.,https://mariadb.com/database-topics/ai/,,
MariaDB,Analytics Real-time insights on operational data.,https://mariadb.com/database-topics/analytics/,,
MariaDB,Technical Account Manager,https://mariadb.com/services/technical-account-manager/,,
MariaDB,Developer Hub Explore sample applications and tutorials,https://mariadb.com/developers/,,
MariaDB,Senior C++ Database Engine Developer,https://job-boards.eu.greenhouse.io/mariadbplc/jobs/4703234101,,
MariaDB,Senior C++ Database Engine Developer,https://job-boards.eu.greenhouse.io/mariadbplc/jobs/4528842101,,
MariaDB,Senior C++ Database Engine Developer,https://job-boards.eu.greenhouse.io/mariadbplc/jobs/4523088101,,
MariaDB,Senior C++ Database Engine Developer,https://job-boards.eu.greenhouse.io/mariadbplc/jobs/4528843101,,
MariaDB,Distributed Database Software Engineer,https://job-boards.eu.greenhouse.io/mariadbplc/jobs/4654991101,,
MariaDB,Distributed Database Staff Engineer,https://job-boards.eu.greenhouse.io/mariadbplc/jobs/4654999101,,
MariaDB,Senior Cloud Test Engineer,https://job-boards.eu.greenhouse.io/mariadbplc/jobs/4688959101,,
MariaDB,Senior Software Developer,https://job-boards.eu.greenhouse.io/mariadbplc/jobs/4652322101,,
MariaDB,Senior Software Developer,https://job-boards.eu.greenhouse.io/mariadbplc/jobs/4652319101,,
MariaDB,Senior Software Developer,https://job-boards.eu.greenhouse.io/mariadbplc/jobs/4652321101,,
MariaDB,Senior Software Developer,https://job-boards.eu.greenhouse.io/mariadbplc/jobs/4645633101,,
MariaDB,Senior Software Developer,https://job-boards.eu.greenhouse.io/mariadbplc/jobs/4652316101,,
MariaDB,Senior Software Developer,https://job-boards.eu.greenhouse.io/mariadbplc/jobs/4652317101,,
MariaDB,Lead Accountant,https://job-boards.eu.greenhouse.io/mariadbplc/jobs/4697535101,,
MariaDB,Senior Full Stack Web Developer,https://job-boards.eu.greenhouse.io/mariadbplc/jobs/4645632101,,
MariaDB,Senior Product Manager,https://job-boards.eu.greenhouse.io/mariadbplc/jobs/4705644101,,
MariaDB,Senior Product Manager,https://job-boards.eu.greenhouse.io/mariadbplc/jobs/4705658101,,
MariaDB,Senior Product Manager,https://job-boards.eu.greenhouse.io/mariadbplc/jobs/4705650101,,
MariaDB,Senior Product Manager,https://job-boards.eu.greenhouse.io/mariadbplc/jobs/4639020101,,
MariaDB,Senior Product Manager,https://job-boards.eu.greenhouse.io/mariadbplc/jobs/4705654101,,
MariaDB,Associate Account Executive,https://job-boards.eu.greenhouse.io/mariadbplc/jobs/4676574101,,
MariaDB,Associate Account Executive - Cloud - EU,https://job-boards.eu.greenhouse.io/mariadbplc/jobs/4676573101,,
MariaDB,Associate Account Executive - Cloud - US,https://job-boards.eu.greenhouse.io/mariadbplc/jobs/4676582101,,
MariaDB,Bilingual Associate Account Executive,https://job-boards.eu.greenhouse.io/mariadbplc/jobs/4694571101,,
MariaDB,Business Development Representative,https://job-boards.eu.greenhouse.io/mariadbplc/jobs/4660244101,,
MariaDB,Account Executive (Public Sector),https://job-boards.eu.greenhouse.io/mariadbplc/jobs/4693583101,,
MariaDB,Senior Sales Engineer,https://job-boards.eu.greenhouse.io/mariadbplc/jobs/4671393101,,
MariaDB,Senior Site Reliability Engineer,https://job-boards.eu.greenhouse.io/mariadbplc/jobs/4696415101,,
MariaDB,KCS (Knowledge-Centered Service) Enablement Consultant - Contract,https://job-boards.eu.greenhouse.io/mariadbplc/jobs/4688948101,,
MariaDB,Talent Community - General Application,https://job-boards.eu.greenhouse.io/mariadbplc/jobs/4288212101,,
MariaDB,Submit a General Application,https://boards.eu.greenhouse.io/mariadbplc/jobs/4288212101,,
MariaDB,Legal,https://mariadb.com/legal/,,
Matillion,Learn more about Data Productivity Cloud,https://www.matillion.com/data-productivity-cloud,,
Matillion,Agentic Data Engineers Supercharge end-to-end data work with a purpose-built AI data workforce.,https://www.matillion.com/maia,,
Matillion,Automation & Management Centralize visibility into all data pipelines and trigger automatic pipeline tasks.,https://www.matillion.com/data-productivity-cloud/orchestrate,,
Matillion,"Data Connectivity Connect any data source to your preferred cloud data platform, with pre-built or custom connectors.",https://www.matillion.com/data-productivity-cloud/connect,,
Matillion,Security Protect your data and meet compliance requirements with our comprehensive security program.,https://www.matillion.com/security,,
Matillion,"Data Transformation Cleanse, aggregate, and transform data with ETL no-code and high-code options.",https://www.matillion.com/data-productivity-cloud/transform,,
Matillion,All Features Explore Matillion's product features and capabilities.,https://www.matillion.com/features,,
Matillion,"Amazon S3 Move, combine, and transform data stored in Amazon S3 buckets.",https://www.matillion.com/connectors/amazon-s3,,
Matillion,PostgreSQL Connect data from your PostgreSQL database and enhance it with Matillion.,https://www.matillion.com/connectors/postgresq,,
Matillion,SAP Connect to SAP to make your enterprise data more accessible across the organization.,https://www.matillion.com/connectors/odata,,
Matillion,Salesforce Load and transform your Salesforce data to help convert leads and close deals.,https://www.matillion.com/connectors/salesforce,,
Matillion,"Google Analytics Integrate data from Google Analytics for fast, actionable web, product, and marketing insights.",https://www.matillion.com/connectors/google-analytics,,
Matillion,Start your next data project with Matillion,https://www.matillion.com/solutions,,
Matillion,Cloud Data Warehousing Move your data into the cloud,https://www.matillion.com/workloads-use-cases/cloud-data-warehousing,,
Matillion,Business Analytics Projects Departmental Data Engineering,https://www.matillion.com/workloads-use-cases/analytics-projects,,
Matillion,Data Movement + Reverse ETL Load your data in the cloud,https://www.matillion.com/workloads-use-cases/data-movement-reverse-etl,,
Matillion,Self-Service Business Intelligence Accessible business-ready data,https://www.matillion.com/workloads-use-cases/self-service-bi,,
Matillion,Data success starts here. Explore Matillion's full resource center,https://www.matillion.com/resources,,
Matillion,Documentation Find Data Productivity Cloud & Matillion ETL docs,https://docs.matillion.com/,,
Matillion,Product Tours View interactive demos & short videos,https://www.matillion.com/tour,,
Matillion,How-to Articles Learn about advanced product capabilities,https://exchange.matillion.com/articles/,,
Matillion,Professional Services Packages Get expert help with data projects,https://www.matillion.com/services,,
Matillion,Product Tour,https://www.matillion.com/form/watch-demo,,
Matillion,By Cloud Data Platform,https://www.matillion.com/cloud-data-platforms,,
Matillion,Legal,https://www.matillion.com/legal,,
MongoDB (Engineering),Developer Articles & Topics,https://www.mongodb.com/company/careers/teams/undefined/undefinedundefined,,
MongoDB (Engineering),Compass Work with MongoDB data in a GUI,https://www.mongodb.com/products/tools/compass,,
MongoDB (Engineering),View All Products Explore our full developer suite arrow-right,https://www.mongodb.com/products,,
MongoDB (Engineering),Teams,https://www.mongodb.com/company/careers/teams,,
MongoDB (Engineering),Students & Graduates,https://www.mongodb.com/company/careers/students-and-graduates,,
MongoDB (Engineering),Inclusion,https://www.mongodb.com/company/careers/inclusion,,
MongoDB (Engineering),Legal,https://www.mongodb.com/legal,,
MongoDB (Marketing),Developer Articles & Topics,https://www.mongodb.com/company/careers/teams/undefined/undefinedundefined,,
MongoDB (Marketing),Compass Work with MongoDB data in a GUI,https://www.mongodb.com/products/tools/compass,,
MongoDB (Marketing),View All Products Explore our full developer suite arrow-right,https://www.mongodb.com/products,,
MongoDB (Marketing),Teams,https://www.mongodb.com/company/careers/teams,,
MongoDB (Marketing),Students & Graduates,https://www.mongodb.com/company/careers/students-and-graduates,,
MongoDB (Marketing),Inclusion,https://www.mongodb.com/company/careers/inclusion,,
MongoDB (Marketing),Legal,https://www.mongodb.com/legal,,
MongoDB (Sales),Developer Articles & Topics,https://www.mongodb.com/company/careers/teams/undefined/undefinedundefined,,
MongoDB (Sales),Compass Work with MongoDB data in a GUI,https://www.mongodb.com/products/tools/compass,,
MongoDB (Sales),View All Products Explore our full developer suite arrow-right,https://www.mongodb.com/products,,
MongoDB (Sales),Teams,https://www.mongodb.com/company/careers/teams,,
MongoDB (Sales),Students & Graduates,https://www.mongodb.com/company/careers/students-and-graduates,,
MongoDB (Sales),Inclusion,https://www.mongodb.com/company/careers/inclusion,,
MongoDB (Sales),Legal,https://www.mongodb.com/legal,,
MongoDB (Product),Developer Articles & Topics,https://www.mongodb.com/company/careers/teams/undefined/undefinedundefined,,
MongoDB (Product),Compass Work with MongoDB data in a GUI,https://www.mongodb.com/products/tools/compass,,
MongoDB (Product),View All Products Explore our full developer suite arrow-right,https://www.mongodb.com/products,,
MongoDB (Product),Teams,https://www.mongodb.com/company/careers/teams,,
MongoDB (Product),Students & Graduates,https://www.mongodb.com/company/careers/students-and-graduates,,
MongoDB (Product),Inclusion,https://www.mongodb.com/company/careers/inclusion,,
MongoDB (Product),Legal,https://www.mongodb.com/legal,,
OneTrust,Data Use Governance Enable data use with real-time policy enforcement for AI-ready data,https://www.onetrust.com/content/onetrust/us/en/solutions/data-use-governance,,
OneTrust,"Pricing Explore our scalable packages designed to help you collect, govern, and use your data with complete visibility and control",https://www.onetrust.com/content/onetrust/us/en/pricing,,
OneTrust,Integrations Our extensive set of integrations makes it easy to add data management to your workflows,https://www.onetrust.com/content/onetrust/us/en/integrations,,
OneTrust,Contact Sales,https://www.onetrust.com/forms/get-started/,,
OneTrust,"Business Development Representative Strategy Atlanta, Georgia Learn More & Apply",https://www.onetrust.com/careers/business-development-representative-5089431/,,
OneTrust,"Account Executive, Enterprise Sales New York, New York Learn More & Apply",https://www.onetrust.com/careers/account-executive-enterprise-6348012/,,
OneTrust,"Senior Solutions Engineer (GRC) - Italian Speaker Sales Engineering Madrid, Spain Learn More & Apply",https://www.onetrust.com/careers/senior-solutions-engineer-italian-speaker-6873556/,,
OneTrust,"Business Development Representative- Singapore Strategy Singapore City, Republic of Singapore Learn More & Apply",https://www.onetrust.com/careers/business-development-representative-singapore-5489082/,,
OneTrust,"Account Executive, Enterprise Sales Atlanta, Georgia Learn More & Apply",https://www.onetrust.com/careers/account-executive-enterprise-6974702/,,
OneTrust,"Account Executive, Enterprise Sales United States - Flex Learn More & Apply",https://www.onetrust.com/careers/account-executive-enterprise-7194944/,,
OneTrust,"Enterprise Account Executive - East Sales New York, New York Learn More & Apply",https://www.onetrust.com/careers/enterprise-account-executive-east-6907692/,,
OneTrust,"Account Executive - Mid-Market Sales Atlanta, Georgia Learn More & Apply",https://www.onetrust.com/careers/account-executive-mid-market-7085319/,,
OneTrust,"Account Executive, Enterprise - Denver, CO Sales Denver, Colorado Learn More & Apply",https://www.onetrust.com/careers/account-executive-enterprise-denver-co-7120834/,,
OneTrust,"Account Executive, Enterprise Sales Los Angeles, California Learn More & Apply",https://www.onetrust.com/careers/account-executive-enterprise-7276171/,,
OneTrust,State spotlight: Connecticut and New Jersey Data Privacy Law update,https://www.onetrust.com/resources/state-spotlight-connecticut-and-new-jersey-data-privacy-law-update-webinar/,,2025-12-09
OneTrust,Data privacy,https://www.onetrust.com/glossary/data-privacy/,,2025-12-09
OneTrust,General Data Protection Regulation (GDPR),https://www.onetrust.com/glossary/gdpr/,,2025-12-09
OneTrust,OneTrust announces its first data privacy agent,https://www.onetrust.com/news/onetrust-announces-its-first-data-privacy-agent/,,2025-03-24
Panoply,Product,https://sqream.com/careers/,,
Panoply,Platform Overview GPU Powered Data & Analytics Acceleration,https://sqream.com/platform/,,
Panoply,Panoply No Code Data Solution for Small & Medium Business,https://panoply.io/,,
Panoply,Office Manager,https://sqream.com/careers/co/hr/72.B4D/office-manager/all,,
Precisely (US),(no title),https://www.precisely.com/careers-and-culture/us-jobs/,,
Precisely (US),Data self-service,https://www.precisely.com/solution/data-self-service/,,
Precisely (US),Data Strategy Consulting,https://www.precisely.com/solution/data-strategy-consulting,,
Precisely (US),Master data management,https://www.precisely.com/product/precisely-enterworks/enterworks,,
Precisely (US),Developer Portal,https://developer.cloud.precisely.com/,,
Precisely (US),Precisely Data Experience,https://www.precisely.com/product/precisely-data-experience/precisely-data-experience/,,
Precisely (US),Precisely Data Guide,https://www.precisely.com/data-guide/,,
Precisely (US),Product Support,https://support.precisely.com/,,2026-01-14
Precisely (US),Verify Trust and understand your data for confident decisions,https://www.precisely.com/products/verify/,,
Precisely (US),Locate Turn data into actionable insights with location intelligence,https://www.precisely.com/products/locate/,,
Precisely (US),"Enrich Enhance decisions with business, location and consumer data",https://www.precisely.com/products/enrich/,,
Precisely (US),and Culture,https://www.precisely.com/careers-and-culture/,,2020-10-29
Precisely (US),Data Integrity Suite,https://www.precisely.com/product/data-integrity/precisely-data-integrity-suite/,,
Precisely (US),Master Data Management,https://www.precisely.com/product/precisely-enterworks/enterworks/,,
Precisely (US),Product Support,https://support.precisely.com,,2026-01-14
Precisely (US),Legal,https://www.precisely.com/legal/,,
Precisely (US),Legal Entities,https://www.precisely.com/legal/legal-entities,,2025-05-05
Precisely (US),Legal Agreements,https://www.precisely.com/legal/licensing,,
Precisely (Int),(no title),https://www.precisely.com/careers-and-culture/international-jobs/,,
Precisely (Int),Data self-service,https://www.precisely.com/solution/data-self-service/,,
Precisely (Int),Data Strategy Consulting,https://www.precisely.com/solution/data-strategy-consulting,,
Precisely (Int),Master data management,https://www.precisely.com/product/precisely-enterworks/enterworks,,
Precisely (Int),Developer Portal,https://developer.cloud.precisely.com/,,
Precisely (Int),Precisely Data Experience,https://www.precisely.com/product/precisely-data-experience/precisely-data-experience/,,
Precisely (Int),Precisely Data Guide,https://www.precisely.com/data-guide/,,
Precisely (Int),Product Support,https://support.precisely.com/,,2026-01-14
Precisely (Int),Verify Trust and understand your data for confident decisions,https://www.precisely.com/products/verify/,,
Precisely (Int),Locate Turn data into actionable insights with location intelligence,https://www.precisely.com/products/locate/,,
Precisely (Int),"Enrich Enhance decisions with business, location and consumer data",https://www.precisely.com/products/enrich/,,
Precisely (Int),and Culture,https://www.precisely.com/careers-and-culture/,,2020-10-29
Precisely (Int),Data Integrity Suite,https://www.precisely.com/product/data-integrity/precisely-data-integrity-suite/,,
Precisely (Int),Master Data Management,https://www.precisely.com/product/precisely-enterworks/enterworks/,,
Precisely (Int),Product Support,https://support.precisely.com,,2026-01-14
Precisely (Int),Legal,https://www.precisely.com/legal/,,
Precisely (Int),Legal Entities,https://www.precisely.com/legal/legal-entities,,2025-05-05
Precisely (Int),Legal Agreements,https://www.precisely.com/legal/licensing,,
Qlik,Sales Development Representative,http://careerhub.qlik.com/careers,,
Sifflet,Applied ML/AI Engineer - Monitoring,https://www.welcometothejungle.com/en/companies/sifflet/jobs/applied-ml-ai-engineer-monitoring_paris,,
Sifflet,AI Product Manager â€“ Agentic Capabilities,https://www.welcometothejungle.com/en/companies/sifflet/jobs/ai-product-manager-agentic-capabilities_paris,,
Sifflet,General Counsel,https://www.welcometothejungle.com/en/companies/sifflet/jobs/general-counsel_paris,,
Sifflet,Spontaneous application Sifflet is always looking for great talent. Go ahead and send an application!,https://www.welcometothejungle.com/en/companies/sifflet/jobs/spontaneous-applications,,
Sifflet,Legal notice,https://www.welcometothejungle.com/en/pages/legal,,
SnapLogic,Interactive Product Tours,https://www.snaplogic.com/product-tours,,
SnapLogic,Data Integration,https://www.snaplogic.com/products/data-automation-integration,,
SnapLogic,Sales,https://www.snaplogic.com/use-cases/sales,,
SnapLogic,Marketing,https://www.snaplogic.com/use-cases/marketing,,
SnapLogic,Cloud Data Warehouse,https://www.snaplogic.com/use-cases/cloud-data-warehouse,,
SnapLogic,Enterprise Data Orchestration For Dummies,https://www.snaplogic.com/resources/ebooks/enterprise-data-orchestration-for-dummies,,
SnapLogic,View Current Openings,https://www.snaplogic.com/company/careers/job-listings,,
SnapLogic,for Job,https://www.snaplogic.com/company/careers/job-listings/job,,
Snowflake,Learn More,https://careers.snowflake.com/us/en/university,,
Solidatus,Data Lineage,https://www.solidatus.com/,,
Solidatus,What is Data Lineage?,https://www.solidatus.com/what-is-data-lineage/,,
Solidatus,Data Governance,https://www.solidatus.com/use-cases/data-governance/,,
Solidatus,Data Products,https://www.solidatus.com/use-cases/data-products/,,
Solidatus,Data Lineage,https://www.solidatus.com/product/data-lineage/,,
Solidatus,"Providing Accurate, Complete and Timely Data for BCBS239 Compliance Discover how to stay ahead in the evolving regulatory landscape of BCBS239",https://www.solidatus.com/resource/providing-accurate-complete-and-timely-data-for-bcbs239-compliance/,,2025-10-30
Solidatus,Pioneering Data Strategies: How Bank of New York is Shaping Business Success in the Age of AI Find out about the role of AI and advanced data lineage as AI reshapes the future of business,https://www.solidatus.com/resource/how-bank-of-new-york-is-shaping-business-success-in-the-age-of-ai/,,2025-10-30
Solidatus,NOW: Pensions Achieve Transparency using Solidatus as Central Data Governance Tool Mapping and modelling a data estate - and showing which data is subject to GDPR,https://www.solidatus.com/resource/now-pensions-achieve-transparency-using-solidatus-as-central-data-governance-tool/,,2023-02-01
Solidatus,"Advanced Data Lineage: A Blueprint for Business Success Understand the business impact of basic data lineage vs modern, advanced data lineage",https://www.solidatus.com/resource/advanced-data-lineage/,,2025-10-30
Solidatus,Building Data Trust in LSEG Hear how Solidatus supports the LSEG Data & Analytics Data Trust Programme,https://www.solidatus.com/resource/building-data-trust-in-lseg/,,2025-10-30
Solidatus,Solidatus Chosen as Microsoft Purviewâ€™s Data Lineage Integration Partner Microsoft names Solidatus as key technology partner in their reimagined data governance experience with Microsoft Purview.,https://www.solidatus.com/news/solidatus-chosen-as-microsoft-purviews-data-lineage-integration-partner/,,2024-03-27
Solidatus,"Unifying the Enterprise: How M&T Bank is Rewriting the Rules of Data Governance with Solidatus In todayâ€™s data-rich financial services environment, unlocking business value demands more than just dataâ€”it requires clarity, control, and connection across the enterprise",https://www.solidatus.com/resource/unifying-the-enterprise-how-mt-bank-is-rewriting-the-rules-of-data-governance-with-solidatus/,,2025-09-25
Solidatus,"Insights from Gartner Critical Capabilities Report As enterprises increasingly rely on AI, cloud migration, and regulatory compliance, data governance",https://www.solidatus.com/resource/insights-from-gartner-critical-capabilities-report/,,2025-10-30
Solidatus,"From Complexity to Confidence-A Modern Data Strategy in Action Learn how Connor, Clark & Lunn have modernized their data strategy with Solidatus data lineage",https://www.solidatus.com/resource/from-complexity-to-confidence-a-modern-data-strategy-in-action/,,2025-10-30
Solidatus,Royal London Asset Management (RLAM) Builds Operational Data Blueprint How RLAM used Solidatus to carry out critical digital transformation initiatives,https://www.solidatus.com/resource/royal-london-asset-management-builds-operational-data-blueprint-with-solidatus-data-lineage/,,2024-06-12
Solidatus,Microsoft Purview and Solidatus Find out how to see the flow of your data using Solidatus - from your Microsoft Purview solution,https://www.solidatus.com/resource/microsoft-purview-and-solidatus/,,2024-11-05
Solidatus,Reduce Risk and Stay Compliant with Advanced Data Lineage Understand how advanced data lineage from Solidatus ensures compliance with BCBS 239,https://www.solidatus.com/resource/reduce-risk-and-stay-compliant-with-advanced-data-lineage/,,2024-10-22
Solidatus,"The Data Governance Podcast ""Having that complete picture of your data estate is foundational for data governance"". In this podcast, Nicola Askham, The Data Governance Coach, speaks with Steve Neat, CRO at Solidatus, about the importance of data lineage for regulatory compliance, AI, and more.",https://www.solidatus.com/resource/the-data-governance-podcast/,,2025-10-30
Solidatus,"From Months to Minutes: The Benefits of Automated Data Sharing ""Approvals are now sought and gained in minutes, rather than in months"". In this podcast, Susan Walsh, Founder and MD of The Classification Guru, speaks with Kate Platonova, Group CDO at HSBC, and Lorraine Waters, CDO at Solidatus, about how HSBC is modernizing data sharing with their DataVisa initiative.",https://www.solidatus.com/resource/from-months-to-minutes-the-benefits-of-automated-data-sharing/,,2025-10-30
Solidatus,Data Flows and Data Mapping,https://www.solidatus.com/faq/data-flows-and-data-mapping/,,
Solidatus,Data Management,https://www.solidatus.com/faq/data-management/,,
Solidatus,LSEGâ€™s journey from regulation to revenue through data Shift comes as EU regulation pushes global banksâ€™ data overhaul,https://www.thebanker.com/content/18fd41d8-f187-4b3e-81fa-534797e24f8f,,
Solidatus,for this Job,https://solidatus.bamboohr.com/jobs/view.php,,
Syniti,(no title),https://careers.syniti.com/,,
Teradata,Log in,https://careers.teradata.com/login,,
Teradata,Search,https://careers.teradata.com/jobs,,
Yellowbrick,Enterprise Data Warehouse,https://yellowbrick.com/product/solutions/enterprise-data-warehouse/,,
Yellowbrick,Data Residency,https://yellowbrick.com/product/solutions/data-residency/,,
Yellowbrick,Product,https://yellowbrick.com/product/,,
Yellowbrick,Come Shape the Future of Data Management Yellowbrick Data empowers companies to make,https://yellowbrick.com/careers/,,
Vertica,(no title),https://careers.opentext.com/us/en/home,,
Vertica,"Lorem Ipsum Engineering Lorem Ipsum has been the industry's standard dummy text ever since the 1500s, when an unknown printer took a galley of type and scrambled it to make a type specimen book.",https://careers.opentext.com/us/en/c/engineering-jobs,,
Vertica,"Lorem Ipsum IT & Cloud Operations Lorem Ipsum has been the industry's standard dummy text ever since the 1500s, when an unknown printer took a galley of type and scrambled it to make a type specimen book.",https://careers.opentext.com/us/en/c/it-cloud-operations-jobs,,
Vertica,"Lorem Ipsum Customer Success & Support Lorem Ipsum has been the industry's standard dummy text ever since the 1500s, when an unknown printer took a galley of type and scrambled it to make a type specimen book.",https://careers.opentext.com/us/en/c/customer-success-support-jobs,,
Vertica,"Lorem Ipsum Sales Lorem Ipsum has been the industry's standard dummy text ever since the 1500s, when an unknown printer took a galley of type and scrambled it to make a type specimen book.",https://careers.opentext.com/us/en/c/sales-jobs,,
Vertica,"Lorem Ipsum Marketing & Communications Lorem Ipsum has been the industry's standard dummy text ever since the 1500s, when an unknown printer took a galley of type and scrambled it to make a type specimen book.",https://careers.opentext.com/us/en/c/marketing-communications-jobs,,
Vertica,"Lorem Ipsum Professional Services Lorem Ipsum has been the industry's standard dummy text ever since the 1500s, when an unknown printer took a galley of type and scrambled it to make a type specimen book.",https://careers.opentext.com/us/en/c/professional-services-jobs,,
Vertica,"Lorem Ipsum Corporate Functions Lorem Ipsum has been the industry's standard dummy text ever since the 1500s, when an unknown printer took a galley of type and scrambled it to make a type specimen book.",https://careers.opentext.com/us/en/c/corporate-functions-jobs,,
Vertica,Get Started,https://careers.opentext.com/us/en/jointalentcommunity,,
Vertica,Personal Information,https://careers.opentext.com/us/en/emailpersonalinfo,,
Pentaho,Data Platform,https://www.hitachivantara.com/en-us/products/storage-platforms/data-platform,,2024-05-29
Pentaho,Data Management,https://www.hitachivantara.com/en-us/company/careers/job-search,,
Pentaho,Data Management,https://www.hitachivantara.com/en-us/products/data-management,,
Pentaho,Data Protection,https://www.hitachivantara.com/en-us/solutions/data-protection-cyber-resiliency,,2022-01-17
Pentaho,Data Governance,https://www.hitachivantara.com/en-us/solutions/data-governance,,
Pentaho,Data Protection,https://www.hitachivantara.com/en-us/solutions/data-protection-cyber-resiliency/backup-recovery,,2022-12-19
Pentaho,AI and Operations,https://www.hitachivantara.com/en-us/solutions/ai-analytics,,2024-07-25
Pentaho,Stay in Touch,https://www.hitachivantara.com/en-us/company/careers/job-details/job-application/7117093002,,
Pentaho,Product documentation,https://docs.hitachivantara.com,,
Pentaho,Legal,https://www.hitachivantara.com/en-us/legal,,
